2686186,2020-09,Al-Maceio,Construção,Construção de Edifícios,-1,Servente de Obras,Não Identificado,Até 5ª Incompleto,50,,Não Identificado,Homem,CNPJ RAIZ,CNPJ,Desligamento por demissão sem justa causa,Não Deficiente,Não Identificado,Não Identificado,1045,Zero,Não,EmpregadoWEB,Não,99,50 A 64 anos,,2020
2686187,2020-09,Al-Maceio,Construção,Construção de Edifícios,-1,Armador de Estrutura de Concreto,Não Identificado,Até 5ª Incompleto,35,,Não Identificado,Homem,CNPJ RAIZ,CNPJ,Desligamento por demissão sem justa causa,Não Deficiente,Não Identificado,Não Identificado,1440.78,Zero,Não,EmpregadoWEB,Não,99,30 A 39 anos,,2020
2686188,2020-09,Al-Maceio,Indústrias de Transformação,Fabricação de Embalagens de Material Plástico,-1,"Operador de Extrusora (Quimica, Petroquimica e Afins)",Não Identificado,Médio Completo,27,,Não Identificado,Homem,CNPJ RAIZ,CNPJ,Desligamento por demissão sem justa causa,Não Deficiente,Não Identificado,Não Identificado,1727.5,Zero,Não,EmpregadoWEB,Não,99,25 A 29 anos,,2020
2686189,2020-09,Al-Maceio,Atividades Administrativas e Serviços Complementares,Atividades de Cobrança e Informações Cadastrais,-1,Atendente de Lojas e Mercados,Não Identificado,Médio Completo,31,,Não Identificado,Homem,CNPJ RAIZ,CNPJ,Desligamento por demissão sem justa causa,Não Deficiente,Não Identificado,Não Identificado,1100,Zero,Não,EmpregadoWEB,Não,99,30 A 39 anos,,2020
2686190,2020-09,Al-Maceio,Atividades Administrativas e Serviços Complementares,Atividades de Cobrança e Informações Cadastrais,-1,Atendente de Lojas e Mercados,Não Identificado,Médio Completo,26,,Não Identificado,Homem,CNPJ RAIZ,CNPJ,Desligamento por demissão sem justa causa,Não Deficiente,Não Identificado,Não Identificado,1100,Zero,Não,EmpregadoWEB,Não,99,25 A 29 anos,,2020
2686191,2020-09,Al-Maceio,Atividades Imobiliárias,Gestão e Administração da Propriedade Imobiliária,-1,Porteiro de Edificios,Não Identificado,Médio Completo,42,,Não Identificado,Homem,CNPJ RAIZ,CNPJ,Desligamento por demissão sem justa causa,Não Deficiente,Não Identificado,Não Identificado,1472.27,Zero,Não,EmpregadoWEB,Não,99,40 A 49 anos,,2020
2686192,2020-10,Al-Maceio,Atividades Imobiliárias,Gestão e Administração da Propriedade Imobiliária,-1,Porteiro de Edificios,Não Identificado,Médio Incompleto,22,,Não Identificado,Homem,CNPJ RAIZ,CNPJ,Desligamento por demissão sem justa causa,Não Deficiente,Não Identificado,Não Identificado,1303.37,Zero,Não,EmpregadoWEB,Não,99,18 A 24 anos,,2020
2686193,2020-10,Al-Arapiraca,"Comércio, Reparação de Veículos Automotores e Motocicletas",Comércio Varejista de Artigos do Vestuário e Acessórios,-1,Vendedor de Comercio Varejista,Não Identificado,Médio Completo,43,,Não Identificado,Mulher,CNPJ RAIZ,CNPJ,Desligamento por demissão sem justa causa,Não Deficiente,Não Identificado,Não Identificado,1065,Zero,Não,EmpregadoWEB,Não,99,40 A 49 anos,,2020
2686194,2020-10,Al-Arapiraca,Atividades Administrativas e Serviços Complementares,Serviços Combinados de Escritório e Apoio Administrativo,-1,Assistente Administrativo,Não Identificado,Médio Completo,33,,Não Identificado,Mulher,CNPJ RAIZ,CNPJ,Desligamento por demissão sem justa causa,Não Deficiente,Não Identificado,Não Identificado,1065,Zero,Não,EmpregadoWEB,Não,99,30 A 39 anos,,2020
2686195,2020-10,Al-Maceio,"Comércio, Reparação de Veículos Automotores e Motocicletas","Representantes Comerciais e Agentes do Comércio de Madeira, Material de Construção e Ferragens",-1,Motorista de Caminhao (Rotas Regionais e Internacionais),Não Identificado,Médio Completo,36,,Não Identificado,Homem,CNPJ RAIZ,CNPJ,Desligamento por demissão sem justa causa,Não Deficiente,Não Identificado,Não Identificado,1680.45,Zero,Não,EmpregadoWEB,Não,99,30 A 39 anos,,2020
2686196,2020-10,Al-Maceio,"Comércio, Reparação de Veículos Automotores e Motocicletas","Comércio Varejista de Mercadorias em Geral, com Predominância de Produtos Alimentícios - Supermercados",-1,Vendedor de Comercio Varejista,Não Identificado,Médio Completo,48,,Não Identificado,Homem,CNPJ RAIZ,CNPJ,Desligamento por demissão sem justa causa,Não Deficiente,Não Identificado,Não Identificado,1060,Zero,Não,EmpregadoWEB,Não,99,40 A 49 anos,,2020
2686197,2020-11,Al-Maceio,"Comércio, Reparação de Veículos Automotores e Motocicletas",Comércio a Varejo de Peças e Acessórios Novos para Veículos Automotores,-1,Soldador,Não Identificado,Médio Completo,35,,Não Identificado,Homem,CNPJ RAIZ,CNPJ,Desligamento por demissão sem justa causa,Não Deficiente,Não Identificado,Não Identificado,1796,Zero,Não,EmpregadoWEB,Não,99,30 A 39 anos,,2020
2686198,2020-11,Al-Maceio,Indústrias de Transformação,Fabricação de Embalagens de Material Plástico,-1,Operador de Empilhadeira,Não Identificado,Médio Completo,43,,Não Identificado,Mulher,CNPJ RAIZ,CNPJ,Desligamento por demissão sem justa causa,Não Deficiente,Não Identificado,Não Identificado,1300,Zero,Não,EmpregadoWEB,Não,99,40 A 49 anos,,2020
2686199,2020-12,Al-Maceio,Atividades Administrativas e Serviços Complementares,Aluguel de Andaimes,-1,Contador,Não Identificado,Superior Completo,32,,Não Identificado,Homem,CNPJ RAIZ,CNPJ,Desligamento por demissão sem justa causa,Não Deficiente,Não Identificado,Não Identificado,2700,Zero,Não,EmpregadoWEB,Não,99,30 A 39 anos,,2020
2686200,2020-12,Al-Maceio,Construção,Construção de Edifícios,-1,Vigia,Não Identificado,Fundamental Completo,33,,Não Identificado,Homem,CNPJ RAIZ,CNPJ,Desligamento por demissão sem justa causa,Não Deficiente,Não Identificado,Não Identificado,562.11,Zero,Não,EmpregadoWEB,Não,99,30 A 39 anos,,2020
2686201,2020-12,Al-Maceio,Construção,Construção de Edifícios,-1,Operador de Betoneira,Não Identificado,Até 5ª Incompleto,37,,Não Identificado,Homem,CNPJ RAIZ,CNPJ,Desligamento por demissão sem justa causa,Não Deficiente,Não Identificado,Não Identificado,1029.98,Zero,Não,EmpregadoWEB,Não,99,30 A 39 anos,,2020
2686202,2020-12,Al-Maceio,Construção,Construção de Edifícios,-1,Vigia,Não Identificado,Médio Incompleto,38,,Não Identificado,Homem,CNPJ RAIZ,CNPJ,Desligamento por demissão sem justa causa,Não Deficiente,Não Identificado,Não Identificado,562.11,Zero,Não,EmpregadoWEB,Não,99,30 A 39 anos,,2020
2686203,2020-12,Al-Maceio,Construção,Construção de Edifícios,-1,Servente de Obras,Não Identificado,Médio Completo,21,,Não Identificado,Homem,CNPJ RAIZ,CNPJ,Desligamento por demissão sem justa causa,Não Deficiente,Não Identificado,Não Identificado,905.64,Zero,Não,EmpregadoWEB,Não,99,18 A 24 anos,,2020
2686204,2020-12,Al-Maceio,"Comércio, Reparação de Veículos Automotores e Motocicletas",Comércio Varejista de Artigos Esportivos,-1,Vendedor de Comercio Varejista,Não Identificado,Médio Completo,24,,Não Identificado,Homem,CNPJ RAIZ,CNPJ,Desligamento por demissão sem justa causa,Não Deficiente,Não Identificado,Não Identificado,1100,Zero,Não,EmpregadoWEB,Não,99,18 A 24 anos,,2020
2686205,2020-01,Al-Maceio,Atividades Imobiliárias,Gestão e Administração da Propriedade Imobiliária,-1,Porteiro de Edificios,Não Identificado,Médio Completo,36,,Não Identificado,Homem,CNPJ RAIZ,CNPJ,Desligamento por demissão sem justa causa,Não Deficiente,Não Identificado,Não Identificado,1050.54,Zero,Não,EmpregadoWEB,Não,99,30 A 39 anos,,2020
2686206,2020-01,Al-Maceio,Atividades Imobiliárias,Gestão e Administração da Propriedade Imobiliária,-1,Porteiro de Edificios,Não Identificado,Médio Completo,37,,Não Identificado,Homem,CNPJ RAIZ,CNPJ,Desligamento por demissão sem justa causa,Não Deficiente,Não Identificado,Não Identificado,1335.49,Zero,Não,EmpregadoWEB,Não,99,30 A 39 anos,,2020
2686207,2020-01,Al-Maceio,"Comércio, Reparação de Veículos Automotores e Motocicletas",Comércio Atacadista de Medicamentos e Drogas de Uso Humano,-1,Assistente Administrativo,Não Identificado,Médio Completo,32,,Não Identificado,Homem,CNPJ RAIZ,CNPJ,Desligamento por demissão sem justa causa,Não Deficiente,Não Identificado,Não Identificado,998,Zero,Não,EmpregadoWEB,Não,99,30 A 39 anos,,2020
2686208,2020-03,Al-Maceio,Educação,Ensino Médio,-1,Professor de Nivel Medio no Ensino Fundamental,Não Identificado,Superior Completo,34,,Não Identificado,Mulher,CNPJ RAIZ,CNPJ,Desligamento por demissão sem justa causa,Não Deficiente,Não Identificado,Não Identificado,1149.5,Zero,Não,EmpregadoWEB,Não,99,30 A 39 anos,,2020
2686209,2020-03,Al-Arapiraca,Educação,Ensino Fundamental,-1,Vigia,Não Identificado,6ª a 9ª Fundamental,43,,Não Identificado,Homem,CNPJ RAIZ,CNPJ,Desligamento por demissão sem justa causa,Não Deficiente,Não Identificado,Não Identificado,1087.65,Zero,Não,EmpregadoWEB,Não,99,40 A 49 anos,,2020
2686210,2020-03,Al-Maceio,Construção,Construção de Edifícios,-1,Pedreiro,Não Identificado,Médio Completo,61,,Não Identificado,Homem,CNPJ RAIZ,CNPJ,Desligamento por demissão sem justa causa,Não Deficiente,Não Identificado,Não Identificado,1440.78,Zero,Não,EmpregadoWEB,Não,99,50 A 64 anos,,2020
2686211,2020-03,Al-Maceio,Saúde Humana e Serviços Sociais,Atividades de Atendimento em Pronto-Socorro e Unidades Hospitalares para Atendimento a Urgências,-1,Enfermeiro,Não Identificado,Superior Completo,52,,Não Identificado,Mulher,CNPJ RAIZ,CNPJ,Desligamento por demissão sem justa causa,Não Deficiente,Não Identificado,Não Identificado,2223,Zero,Não,EmpregadoWEB,Não,99,50 A 64 anos,,2020
2686212,2020-04,Al-Maceio,"Atividades Profissionais, Científicas e Técnicas",Serviços de Engenharia,-1,Pedreiro,Não Identificado,Médio Completo,64,,Não Identificado,Homem,CNPJ RAIZ,CNPJ,Desligamento por demissão sem justa causa,Não Deficiente,Não Identificado,Não Identificado,1440.78,Zero,Não,EmpregadoWEB,Não,99,50 A 64 anos,,2020
2686213,2020-04,Al-Maceio,Construção,Construção de Edifícios,-1,Amostrador de Minerios,Não Identificado,Até 5ª Incompleto,51,,Não Identificado,Homem,CNPJ RAIZ,CNPJ,Desligamento por demissão sem justa causa,Não Deficiente,Não Identificado,Não Identificado,1257,Zero,Não,EmpregadoWEB,Não,99,50 A 64 anos,,2020
2686214,2020-04,Al-Maceio,Construção,Construção de Edifícios,-1,Servente de Obras,Não Identificado,Até 5ª Incompleto,25,,Não Identificado,Homem,CNPJ RAIZ,CNPJ,Desligamento por demissão sem justa causa,Não Deficiente,Não Identificado,Não Identificado,1045,Zero,Não,EmpregadoWEB,Não,99,25 A 29 anos,,2020
2686215,2020-04,Al-Maceio,Construção,Construção de Edifícios,-1,Servente de Obras,Não Identificado,Médio Completo,38,,Não Identificado,Homem,CNPJ RAIZ,CNPJ,Desligamento por demissão sem justa causa,Não Deficiente,Não Identificado,Não Identificado,1045,Zero,Não,EmpregadoWEB,Não,99,30 A 39 anos,,2020
2686216,2020-04,Al-Maceio,Construção,Construção de Edifícios,-1,Servente de Obras,Não Identificado,Até 5ª Incompleto,41,,Não Identificado,Homem,CNPJ RAIZ,CNPJ,Desligamento por demissão sem justa causa,Não Deficiente,Não Identificado,Não Identificado,1045,Zero,Não,EmpregadoWEB,Não,99,40 A 49 anos,,2020
2686217,2020-04,Al-Maceio,Construção,Construção de Edifícios,-1,Pedreiro,Não Identificado,Até 5ª Incompleto,43,,Não Identificado,Homem,CNPJ RAIZ,CNPJ,Desligamento por demissão sem justa causa,Não Deficiente,Não Identificado,Não Identificado,1440.78,Zero,Não,EmpregadoWEB,Não,99,40 A 49 anos,,2020
2686218,2020-04,Al-Maceio,Alojamento e Alimentação,"Lanchonetes, Casas de Chá, de Sucos e Similares",-1,Garcom,Não Identificado,Médio Completo,30,,Não Identificado,Homem,CNPJ RAIZ,CNPJ,Desligamento por demissão sem justa causa,Não Deficiente,Não Identificado,Não Identificado,1075,Zero,Não,EmpregadoWEB,Não,99,30 A 39 anos,,2020
2686219,2020-04,Al-Arapiraca,Atividades Administrativas e Serviços Complementares,Serviços Combinados de Escritório e Apoio Administrativo,-1,Tecnico de Manutencao Eletronica (Circuitos de Maquinas com Comando Numerico),Não Identificado,Médio Completo,24,,Não Identificado,Homem,CNPJ RAIZ,CNPJ,Desligamento por demissão sem justa causa,Não Deficiente,Não Identificado,Não Identificado,1085,Zero,Não,EmpregadoWEB,Não,99,18 A 24 anos,,2020
2686220,2020-05,Al-Maceio,"Comércio, Reparação de Veículos Automotores e Motocicletas",Comércio Varejista Especializado de Equipamentos de Telefonia e Comunicação,-1,Vendedor de Comercio Varejista,Não Identificado,Superior Completo,34,,Não Identificado,Homem,CNPJ RAIZ,CNPJ,Desligamento por demissão sem justa causa,Não Deficiente,Não Identificado,Não Identificado,1155.94,Zero,Não,EmpregadoWEB,Não,99,30 A 39 anos,,2020
2686221,2020-07,Al-Maceio,Atividades Administrativas e Serviços Complementares,Condomínios Prediais,-1,Operador de Betoneira,Não Identificado,Médio Completo,41,,Não Identificado,Homem,CNPJ RAIZ,CNPJ,Desligamento por demissão sem justa causa,Não Deficiente,Não Identificado,Não Identificado,1447.56,Zero,Não,EmpregadoWEB,Não,99,40 A 49 anos,,2020
2686222,2020-07,Al-Maceio,Atividades Administrativas e Serviços Complementares,Condomínios Prediais,-1,Soldador,Não Identificado,Médio Completo,32,,Não Identificado,Homem,CNPJ RAIZ,CNPJ,Desligamento por demissão sem justa causa,Não Deficiente,Não Identificado,Não Identificado,1725.85,Zero,Não,EmpregadoWEB,Não,99,30 A 39 anos,,2020
2686223,2020-07,Al-Arapiraca,"Comércio, Reparação de Veículos Automotores e Motocicletas",Comércio Varejista de Produtos Saneantes Domissanitários,-1,Vendedor Pracista,Não Identificado,Médio Completo,36,,Não Identificado,Mulher,CNPJ RAIZ,CNPJ,Desligamento por demissão sem justa causa,Não Deficiente,Não Identificado,Não Identificado,1045,Zero,Não,EmpregadoWEB,Não,99,30 A 39 anos,,2020
2686224,2020-07,Al-Maceio,"Transporte, Armazenagem e Correio","Transporte Rodoviário de Carga, Exceto Produtos Perigosos e Mudanças, Intermunicipal, Interestadual e Internacional",-1,Operador de Empilhadeira,Não Identificado,Médio Completo,37,,Não Identificado,Homem,CNPJ RAIZ,CNPJ,Desligamento por demissão sem justa causa,Não Deficiente,Não Identificado,Não Identificado,1321.89,Zero,Não,EmpregadoWEB,Não,99,30 A 39 anos,,2020
2686225,2020-08,Al-Maceio,"Atividades Profissionais, Científicas e Técnicas",Serviços de Engenharia,-1,Carpinteiro de Obras,Não Identificado,Médio Completo,52,,Não Identificado,Homem,CNPJ RAIZ,CNPJ,Desligamento por demissão sem justa causa,Não Deficiente,Não Identificado,Não Identificado,1440.78,Zero,Não,EmpregadoWEB,Não,99,50 A 64 anos,,2020
2686226,2020-08,Al-Arapiraca,Informação e Comunicação,"Suporte Técnico, Manutenção e Outros Serviços em Tecnologia da Informação",-1,Ajudante de Motorista,Não Identificado,Médio Completo,26,,Não Identificado,Homem,CNPJ RAIZ,CNPJ,Desligamento por demissão sem justa causa,Não Deficiente,Não Identificado,Não Identificado,1045,Zero,Não,EmpregadoWEB,Não,99,25 A 29 anos,,2020
2686227,2020-08,Al-Maceio,"Transporte, Armazenagem e Correio","Transporte Rodoviário de Carga, Exceto Produtos Perigosos e Mudanças, Intermunicipal, Interestadual e Internacional",-1,Ajudante de Motorista,Não Identificado,Médio Completo,42,,Não Identificado,Homem,CNPJ RAIZ,CNPJ,Desligamento por demissão sem justa causa,Não Deficiente,Não Identificado,Não Identificado,1104.47,Zero,Não,EmpregadoWEB,Não,99,40 A 49 anos,,2020
2686228,2020-09,Al-Maceio,Atividades Administrativas e Serviços Complementares,Atividades de Vigilância e Segurança Privada,1,Vigilante,"Empregado - Geral, inclusive o empregado público da administração direta ou indireta contratado pela CLT",Médio Completo,53,2,Parda,Homem,CNPJ RAIZ,CNPJ,Admissão por reemprego,Não Deficiente,Não,Sim,4.87,Zero,Não,eSocial,Não,5,50 A 64 anos,Até 12 horas,2020
2686229,2020-09,Al-Maceio,Atividades Administrativas e Serviços Complementares,Atividades de Vigilância e Segurança Privada,1,Vigilante,"Empregado - Geral, inclusive o empregado público da administração direta ou indireta contratado pela CLT",Médio Completo,59,2,Parda,Homem,CNPJ RAIZ,CNPJ,Admissão por reemprego,Não Deficiente,Não,Sim,0,Zero,Não,eSocial,Não,5,50 A 64 anos,Até 12 horas,2020
2686230,2020-09,Al-Maceio,Atividades Administrativas e Serviços Complementares,Atividades de Vigilância e Segurança Privada,1,Vigilante,"Empregado - Geral, inclusive o empregado público da administração direta ou indireta contratado pela CLT",Médio Completo,55,2,Não informada,Homem,CNPJ RAIZ,CNPJ,Admissão por reemprego,Não Deficiente,Não,Sim,4.87,Zero,Não,eSocial,Não,5,50 A 64 anos,Até 12 horas,2020
2686231,2020-09,Al-Maceio,Atividades Administrativas e Serviços Complementares,Atividades de Vigilância e Segurança Privada,1,Vigilante,"Empregado - Geral, inclusive o empregado público da administração direta ou indireta contratado pela CLT",Médio Completo,34,2,Parda,Homem,CNPJ RAIZ,CNPJ,Admissão por reemprego,Não Deficiente,Não,Sim,4.87,Zero,Não,eSocial,Não,5,30 A 39 anos,Até 12 horas,2020
2686232,2020-09,Al-Maceio,Atividades Administrativas e Serviços Complementares,Atividades de Vigilância e Segurança Privada,1,Vigilante,"Empregado - Geral, inclusive o empregado público da administração direta ou indireta contratado pela CLT",Médio Completo,38,2,Parda,Homem,CNPJ RAIZ,CNPJ,Admissão por reemprego,Não Deficiente,Não,Sim,4.87,Zero,Não,eSocial,Não,5,30 A 39 anos,Até 12 horas,2020
2686233,2020-09,Al-Maceio,Atividades Administrativas e Serviços Complementares,Atividades de Vigilância e Segurança Privada,1,Vigilante,"Empregado - Geral, inclusive o empregado público da administração direta ou indireta contratado pela CLT",Médio Completo,48,2,Não informada,Homem,CNPJ RAIZ,CNPJ,Admissão por reemprego,Não Deficiente,Não,Sim,4.87,Zero,Não,eSocial,Não,5,40 A 49 anos,Até 12 horas,2020
2686234,2020-08,Al-Maceio,Atividades Administrativas e Serviços Complementares,Atividades de Vigilância e Segurança Privada,-1,Vigilante,"Empregado - Geral, inclusive o empregado público da administração direta ou indireta contratado pela CLT",Médio Completo,51,2,Branca,Homem,CNPJ RAIZ,CNPJ,Desligamento a pedido,Não Deficiente,Não,Sim,4.87,Zero,Não,eSocial,Não,5,50 A 64 anos,Até 12 horas,2020
2686235,2020-08,Al-Maceio,Atividades Administrativas e Serviços Complementares,Atividades de Vigilância e Segurança Privada,1,Vigilante,"Empregado - Geral, inclusive o empregado público da administração direta ou indireta contratado pela CLT",Médio Completo,38,2,Parda,Homem,CNPJ RAIZ,CNPJ,Admissão por reemprego,Não Deficiente,Não,Sim,4.87,Zero,Não,eSocial,Não,5,30 A 39 anos,Até 12 horas,2020
2800098,2021-01,Al-Maceio,Construção,Construção de Edifícios,-1,Servente de Obras,Não Identificado,Médio Completo,21,,Não Identificado,Homem,CNPJ RAIZ,CNPJ,Desligamento por demissão sem justa causa,Não Deficiente,Não Identificado,Não Identificado,1045,Zero,Não,EmpregadoWEB,Não,99,18 A 24 anos,,2021
2800099,2021-01,Al-Maceio,Outras Atividades de Serviços,Atividades Associativas não Especificadas Anteriormente,-1,Pintor de Obras,Não Identificado,Médio Completo,28,,Não Identificado,Homem,CNPJ RAIZ,CNPJ,Desligamento por demissão sem justa causa,Não Deficiente,Não Identificado,Não Identificado,1130.66,Zero,Não,EmpregadoWEB,Não,99,25 A 29 anos,,2021
2800100,2021-01,Al-Maceio,Educação,Outras Atividades de Ensino não Especificadas Anteriormente,-1,"Auxiliar de Escritorio, em Geral",Não Identificado,Superior Incompleto,23,,Não Identificado,Mulher,CNPJ RAIZ,CNPJ,Desligamento por demissão sem justa causa,Não Deficiente,Não Identificado,Não Identificado,1830.73,Zero,Não,EmpregadoWEB,Não,99,18 A 24 anos,,2021
2800101,2021-02,Al-Maceio,Construção,Construção de Edifícios,-1,Carpinteiro de Obras,Não Identificado,Médio Completo,39,,Não Identificado,Homem,CNPJ RAIZ,CNPJ,Desligamento por demissão sem justa causa,Não Deficiente,Não Identificado,Não Identificado,1440.78,Zero,Não,EmpregadoWEB,Não,99,30 A 39 anos,,2021
2800102,2021-02,Al-Maceio,Construção,Construção de Edifícios,-1,Servente de Obras,Não Identificado,Médio Completo,24,,Não Identificado,Homem,CNPJ RAIZ,CNPJ,Desligamento por demissão sem justa causa,Não Deficiente,Não Identificado,Não Identificado,1100,Zero,Não,EmpregadoWEB,Não,99,18 A 24 anos,,2021
2800103,2021-02,Al-Maceio,"Comércio, Reparação de Veículos Automotores e Motocicletas",Comércio Varejista de Materiais de Construção em Geral,-1,Auxiliar de Contabilidade,Não Identificado,Médio Completo,33,,Não Identificado,Homem,CNPJ RAIZ,CNPJ,Desligamento por demissão sem justa causa,Não Deficiente,Não Identificado,Não Identificado,2450,Zero,Não,EmpregadoWEB,Não,99,30 A 39 anos,,2021
2800104,2021-02,Al-Maceio,Indústrias de Transformação,Fabricação de Artefatos de Cimento para Uso na Construção,-1,Armador de Estrutura de Concreto Armado,Não Identificado,Médio Completo,46,,Não Identificado,Homem,CNPJ RAIZ,CNPJ,Desligamento por demissão sem justa causa,Não Deficiente,Não Identificado,Não Identificado,1238.12,Zero,Não,EmpregadoWEB,Não,99,40 A 49 anos,,2021
2800105,2021-02,Al-Maceio,Alojamento e Alimentação,Fornecimento de Alimentos Preparados Preponderantemente para Empresas,-1,Atendente de Lojas e Mercados,Não Identificado,Médio Completo,22,,Não Identificado,Homem,CNPJ RAIZ,CNPJ,Desligamento por demissão sem justa causa,Não Deficiente,Não Identificado,Não Identificado,1100,Zero,Não,EmpregadoWEB,Não,99,18 A 24 anos,,2021
2800106,2021-03,Al-Maceio,Educação,Ensino Fundamental,-1,Professor de Danca,Não Identificado,Médio Completo,37,,Não Identificado,Mulher,CNPJ RAIZ,CNPJ,Desligamento por demissão sem justa causa,Não Deficiente,Não Identificado,Não Identificado,429.35,Zero,Não,EmpregadoWEB,Não,99,30 A 39 anos,,2021
2800107,2021-03,Al-Maceio,Indústrias de Transformação,Fabricação de Produtos de Padaria e Confeitaria com Predominância de Produção Própria,-1,Supervisor de Vendas Comercial,Não Identificado,Médio Completo,26,,Não Identificado,Homem,CNPJ RAIZ,CNPJ,Desligamento por demissão sem justa causa,Não Deficiente,Não Identificado,Não Identificado,1265.8,Zero,Não,EmpregadoWEB,Não,99,25 A 29 anos,,2021
2800108,2021-04,Al-Maceio,"Comércio, Reparação de Veículos Automotores e Motocicletas",Comércio Atacadista de Lubrificantes,-1,Motorista de Caminhao (Rotas Regionais e Internacionais),Não Identificado,Médio Incompleto,47,,Não Identificado,Homem,CNPJ RAIZ,CNPJ,Desligamento por demissão sem justa causa,Não Deficiente,Não Identificado,Não Identificado,1884.78,Zero,Não,EmpregadoWEB,Não,99,40 A 49 anos,,2021
2800109,2021-04,Al-Maceio,"Comércio, Reparação de Veículos Automotores e Motocicletas",Comércio Varejista de Materiais de Construção em Geral,-1,"Auxiliar de Escritorio, em Geral",Não Identificado,Médio Completo,30,,Não Identificado,Mulher,CNPJ RAIZ,CNPJ,Desligamento por demissão sem justa causa,Não Deficiente,Não Identificado,Não Identificado,1415,Zero,Não,EmpregadoWEB,Não,99,30 A 39 anos,,2021
2800110,2021-04,Al-Maceio,"Comércio, Reparação de Veículos Automotores e Motocicletas","Comércio Varejista de Mercadorias em Geral, com Predominância de Produtos Alimentícios - Minimercados, Mercearias e Armazéns",-1,Atendente de Farmacia - Balconista,Não Identificado,Médio Completo,22,,Não Identificado,Homem,CNPJ RAIZ,CNPJ,Desligamento por demissão sem justa causa,Não Deficiente,Não Identificado,Não Identificado,1100,Zero,Não,EmpregadoWEB,Não,99,18 A 24 anos,,2021
2800111,2021-05,Al-Maceio,Educação,Ensino Fundamental,-1,Auxiliar de Desenvolvimento Infantil,Não Identificado,Superior Incompleto,47,,Não Identificado,Mulher,CNPJ RAIZ,CNPJ,Desligamento por demissão sem justa causa,Não Deficiente,Não Identificado,Não Identificado,2166.92,Zero,Não,EmpregadoWEB,Não,99,40 A 49 anos,,2021
2800112,2021-05,Al-Maceio,Educação,Ensino Fundamental,-1,Auxiliar de Desenvolvimento Infantil,Não Identificado,Superior Completo,47,,Não Identificado,Mulher,CNPJ RAIZ,CNPJ,Desligamento por demissão sem justa causa,Não Deficiente,Não Identificado,Não Identificado,1211.31,Zero,Não,EmpregadoWEB,Não,99,40 A 49 anos,,2021
2800113,2021-05,Al-Maceio,Construção,Construção de Edifícios,-1,"Auxiliar de Escritorio, em Geral",Não Identificado,Médio Completo,20,,Não Identificado,Mulher,CNPJ RAIZ,CNPJ,Desligamento por demissão sem justa causa,Não Deficiente,Não Identificado,Não Identificado,1100,Zero,Não,EmpregadoWEB,Não,99,18 A 24 anos,,2021
2800114,2021-05,Al-Maceio,Indústrias Extrativas,"Extração de Areia, Cascalho ou Pedregulho e Beneficiamento Associado",-1,Motorista de Caminhao (Rotas Regionais e Internacionais),Não Identificado,Médio Completo,40,,Não Identificado,Homem,CNPJ RAIZ,CNPJ,Desligamento por demissão sem justa causa,Não Deficiente,Não Identificado,Não Identificado,2149,Zero,Não,EmpregadoWEB,Não,99,40 A 49 anos,,2021
2800115,2021-05,Al-Maceio,Indústrias Extrativas,"Extração de Areia, Cascalho ou Pedregulho e Beneficiamento Associado",-1,Motorista de Caminhao (Rotas Regionais e Internacionais),Não Identificado,Médio Completo,24,,Não Identificado,Homem,CNPJ RAIZ,CNPJ,Desligamento por demissão sem justa causa,Não Deficiente,Não Identificado,Não Identificado,2149,Zero,Não,EmpregadoWEB,Não,99,18 A 24 anos,,2021
2800116,2021-01,Al-Maceio,Construção,Construção de Edifícios,-1,Servente de Obras,Não Identificado,Médio Completo,21,,Não Identificado,Homem,CNPJ RAIZ,CNPJ,Desligamento por demissão sem justa causa,Não Deficiente,Não Identificado,Não Identificado,1045,Zero,Não,EmpregadoWEB,Não,99,18 A 24 anos,,2021
2800117,2021-01,Al-Maceio,Outras Atividades de Serviços,Atividades Associativas não Especificadas Anteriormente,-1,Pintor de Obras,Não Identificado,Médio Completo,28,,Não Identificado,Homem,CNPJ RAIZ,CNPJ,Desligamento por demissão sem justa causa,Não Deficiente,Não Identificado,Não Identificado,1130.66,Zero,Não,EmpregadoWEB,Não,99,25 A 29 anos,,2021
2800118,2021-01,Al-Maceio,Educação,Outras Atividades de Ensino não Especificadas Anteriormente,-1,"Auxiliar de Escritorio, em Geral",Não Identificado,Superior Incompleto,23,,Não Identificado,Mulher,CNPJ RAIZ,CNPJ,Desligamento por demissão sem justa causa,Não Deficiente,Não Identificado,Não Identificado,1830.73,Zero,Não,EmpregadoWEB,Não,99,18 A 24 anos,,2021
2800119,2021-07,Al-Maceio,"Transporte, Armazenagem e Correio","Transporte Rodoviário de Carga, Exceto Produtos Perigosos e Mudanças, Intermunicipal, Interestadual e Internacional",-1,Gerente Administrativo,Não Identificado,Médio Completo,33,,Não Identificado,Homem,CNPJ RAIZ,CNPJ,Desligamento por demissão sem justa causa,Não Deficiente,Não Identificado,Não Identificado,3378,Zero,Não,EmpregadoWEB,Não,99,30 A 39 anos,,2021
2800120,2021-07,Al-Maceio,"Transporte, Armazenagem e Correio","Transporte Rodoviário de Carga, Exceto Produtos Perigosos e Mudanças, Intermunicipal, Interestadual e Internacional",-1,Comprador,Não Identificado,Médio Incompleto,33,,Não Identificado,Homem,CNPJ RAIZ,CNPJ,Desligamento por demissão sem justa causa,Não Deficiente,Não Identificado,Não Identificado,3448,Zero,Não,EmpregadoWEB,Não,99,30 A 39 anos,,2021
2800121,2021-07,Al-Maceio,"Comércio, Reparação de Veículos Automotores e Motocicletas",Comércio Varejista de Produtos Alimentícios em Geral ou Especializado em Produtos Alimentícios não Especificados Anteriormente,-1,Masseiro (Massas Alimenticias),Não Identificado,Médio Completo,24,,Não Identificado,Mulher,CNPJ RAIZ,CNPJ,Desligamento por demissão sem justa causa,Não Deficiente,Não Identificado,Não Identificado,1206,Zero,Não,EmpregadoWEB,Não,99,18 A 24 anos,,2021
2800122,2021-08,Al-Maceio,Indústrias de Transformação,Recondicionamento e Recuperação de Motores para Veículos Automotores,-1,"Mecanico de Manutencao de Automoveis, Motocicletas e Veiculos Similares",Não Identificado,Fundamental Completo,21,,Não Identificado,Homem,CNPJ RAIZ,CNPJ,Desligamento por demissão sem justa causa,Não Deficiente,Não Identificado,Não Identificado,1100,Zero,Não,EmpregadoWEB,Não,99,18 A 24 anos,,2021
2800123,2021-08,Al-Maceio,"Comércio, Reparação de Veículos Automotores e Motocicletas","Comércio Varejista de Mercadorias em Geral, com Predominância de Produtos Alimentícios - Minimercados, Mercearias e Armazéns",-1,Estoquista,Não Identificado,Fundamental Completo,28,,Não Identificado,Mulher,CNPJ RAIZ,CNPJ,Desligamento por demissão sem justa causa,Não Deficiente,Não Identificado,Não Identificado,1125,Zero,Não,EmpregadoWEB,Não,99,25 A 29 anos,,2021
2800124,2021-09,Al-Maceio,"Comércio, Reparação de Veículos Automotores e Motocicletas","Comércio Varejista de Mercadorias em Geral, com Predominância de Produtos Alimentícios - Minimercados, Mercearias e Armazéns",-1,Operador de Caixa,Não Identificado,Médio Completo,43,,Não Identificado,Homem,CNPJ RAIZ,CNPJ,Desligamento por demissão sem justa causa,Não Deficiente,Não Identificado,Não Identificado,1125,Zero,Não,EmpregadoWEB,Não,99,40 A 49 anos,,2021
2800125,2021-10,Al-Maceio,Construção,Obras de Acabamento em Gesso e Estuque,-1,Gesseiro,Não Identificado,Médio Completo,32,,Não Identificado,Homem,CNPJ RAIZ,CNPJ,Desligamento por demissão sem justa causa,Não Deficiente,Não Identificado,Não Identificado,121.65,Zero,Não,EmpregadoWEB,Não,99,30 A 39 anos,,2021
2800126,2021-10,Al-Maceio,"Comércio, Reparação de Veículos Automotores e Motocicletas",Comércio Varejista de Medicamentos Veterinários,-1,Tosador de Animais Domesticos,Não Identificado,6ª a 9ª Fundamental,38,,Não Identificado,Mulher,CNPJ RAIZ,CNPJ,Desligamento por demissão sem justa causa,Não Deficiente,Não Identificado,Não Identificado,1389.6,Zero,Não,EmpregadoWEB,Não,99,30 A 39 anos,,2021
2800127,2021-10,Al-Maceio,Atividades Imobiliárias,Gestão e Administração da Propriedade Imobiliária,-1,"Recepcionista, em Geral",Não Identificado,Médio Completo,21,,Não Identificado,Mulher,CNPJ RAIZ,CNPJ,Desligamento por demissão sem justa causa,Não Deficiente,Não Identificado,Não Identificado,1106.52,Zero,Não,EmpregadoWEB,Não,99,18 A 24 anos,,2021
2800128,2021-11,Al-Arapiraca,"Atividades Profissionais, Científicas e Técnicas",Serviços de Engenharia,-1,Motorista de Carro de Passeio,Não Identificado,Médio Incompleto,45,,Não Identificado,Homem,CNPJ RAIZ,CNPJ,Desligamento por demissão sem justa causa,Não Deficiente,Não Identificado,Não Identificado,3155.65,Zero,Não,EmpregadoWEB,Não,99,40 A 49 anos,,2021
2800129,2021-11,Al-Arapiraca,"Atividades Profissionais, Científicas e Técnicas",Serviços de Engenharia,-1,Servente de Obras,Não Identificado,Médio Incompleto,43,,Não Identificado,Homem,CNPJ RAIZ,CNPJ,Desligamento por demissão sem justa causa,Não Deficiente,Não Identificado,Não Identificado,1547.31,Zero,Não,EmpregadoWEB,Não,99,40 A 49 anos,,2021
2800130,2021-11,Al-Maceio,Alojamento e Alimentação,Restaurantes e Similares,-1,Churrasqueiro,Não Identificado,Médio Completo,39,,Não Identificado,Homem,CNPJ RAIZ,CNPJ,Desligamento por demissão sem justa causa,Não Deficiente,Não Identificado,Não Identificado,1432.09,Zero,Não,EmpregadoWEB,Não,99,30 A 39 anos,,2021
2800131,2021-12,Al-Maceio,Atividades Administrativas e Serviços Complementares,Imunização e Controle de Pragas Urbanas,-1,Assistente Administrativo,Não Identificado,Médio Completo,26,,Não Identificado,Mulher,CNPJ RAIZ,CNPJ,Desligamento por demissão sem justa causa,Não Deficiente,Não Identificado,Não Identificado,1100,Zero,Não,EmpregadoWEB,Não,99,25 A 29 anos,,2021
2800132,2021-12,Al-Maceio,Atividades Administrativas e Serviços Complementares,Imunização e Controle de Pragas Urbanas,-1,Assistente Administrativo,Não Identificado,Médio Completo,43,,Não Identificado,Homem,CNPJ RAIZ,CNPJ,Desligamento por demissão sem justa causa,Não Deficiente,Não Identificado,Não Identificado,1100,Zero,Não,EmpregadoWEB,Não,99,40 A 49 anos,,2021
2800133,2021-12,Al-Maceio,Alojamento e Alimentação,"Lanchonetes, Casas de Chá, de Sucos e Similares",-1,Assistente Administrativo,Não Identificado,Médio Completo,38,,Não Identificado,Homem,CNPJ RAIZ,CNPJ,Desligamento por demissão sem justa causa,Não Deficiente,Não Identificado,Não Identificado,1240.63,Zero,Não,EmpregadoWEB,Não,99,30 A 39 anos,,2021
2800134,2021-02,Al-Maceio,Educação,Educação Infantil - Pré-Escola,-1,Professor de Educacao Fisica no Ensino Medio,Não Identificado,Superior Completo,25,2,Não informada,Mulher,CNPJ RAIZ,CNPJ,Desligamento a pedido,Não Deficiente,Não Identificado,Sim,116.19,Zero,Não,CAGED,Não,99,25 A 29 anos,Até 12 horas,2021
2800135,2021-02,Al-Maceio,Informação e Comunicação,Consultoria em Tecnologia da Informação,1,Consultor Juridico,Empregado - Contrato de trabalho intermitente,Superior Completo,36,2,Amarela,Homem,CNPJ RAIZ,CNPJ,Admissão por reemprego,Não Deficiente,Sim,Não,830,Zero,Não,eSocial,Não,1,30 A 39 anos,Até 12 horas,2021
2800136,2021-01,Al-Maceio,Educação,Educação Infantil - Creche,-1,Professor de Ensino Superior na Area de Pratica de Ensino,"Empregado - Geral, inclusive o empregado público da administração direta ou indireta contratado pela CLT",Pós-Graduação completa,31,3,Não informada,Mulher,CNPJ RAIZ,CNPJ,Desligamento a pedido,Não Deficiente,Não,Não,322.95,Zero,Não,eSocial,Não,1,30 A 39 anos,Até 12 horas,2021
2800137,2021-02,Al-Maceio,Educação,Educação Infantil - Creche,-1,Professor de Ensino Superior na Area de Pratica de Ensino,"Empregado - Geral, inclusive o empregado público da administração direta ou indireta contratado pela CLT",Superior Completo,52,3,Branca,Mulher,CNPJ RAIZ,CNPJ,Desligamento por demissão sem justa causa,Não Deficiente,Não,Não,322.95,Zero,Não,eSocial,Não,1,50 A 64 anos,Até 12 horas,2021
2800138,2021-03,Al-Maceio,Educação,Educação Infantil - Creche,1,Professor de Ensino Superior na Area de Pratica de Ensino,"Empregado - Geral, inclusive o empregado público da administração direta ou indireta contratado pela CLT",Superior Completo,53,3,Não informada,Homem,CNPJ RAIZ,CNPJ,Admissão por reemprego,Não Deficiente,Não,Não,322.95,Zero,Não,eSocial,Não,1,50 A 64 anos,Até 12 horas,2021
2800139,2021-01,Al-Maceio,Educação,Educação Infantil - Creche,-1,Professor de Ensino Superior na Area de Pratica de Ensino,"Empregado - Geral, inclusive o empregado público da administração direta ou indireta contratado pela CLT",Pós-Graduação completa,31,3,Não informada,Mulher,CNPJ RAIZ,CNPJ,Desligamento a pedido,Não Deficiente,Não,Não,322.95,Zero,Não,eSocial,Não,1,30 A 39 anos,Até 12 horas,2021
2800140,2021-12,Al-Maceio,Educação,Educação Infantil - Creche,-1,Professor de Ensino Superior na Area de Pratica de Ensino,"Empregado - Geral, inclusive o empregado público da administração direta ou indireta contratado pela CLT",Médio Completo,31,3,Não informada,Homem,CNPJ RAIZ,CNPJ,Desligamento por demissão sem justa causa,Não Deficiente,Não,Não,322.95,Zero,Não,eSocial,Não,1,30 A 39 anos,Até 12 horas,2021
2800141,2021-12,Al-Maceio,Educação,Educação Infantil - Creche,-1,Professor de Ensino Superior na Area de Pratica de Ensino,"Empregado - Geral, inclusive o empregado público da administração direta ou indireta contratado pela CLT",Mestrado,37,3,Branca,Mulher,CNPJ RAIZ,CNPJ,Desligamento por demissão sem justa causa,Não Deficiente,Não,Não,322.95,Zero,Não,eSocial,Não,1,30 A 39 anos,Até 12 horas,2021
2800142,2021-01,Al-Maceio,"Comércio, Reparação de Veículos Automotores e Motocicletas","Comércio Atacadista de Máquinas e Equipamentos para Uso Industrial, Partes e Peças",1,Assistente Administrativo,"Empregado - Geral, inclusive o empregado público da administração direta ou indireta contratado pela CLT",Médio Completo,22,4,Parda,Mulher,CNPJ RAIZ,CNPJ,Admissão por reemprego,Não Deficiente,Não,Não,770,Zero,Não,eSocial,Não,5,18 A 24 anos,Até 12 horas,2021
2800143,2021-01,Al-Maceio,"Comércio, Reparação de Veículos Automotores e Motocicletas","Comércio Atacadista de Máquinas e Equipamentos para Uso Industrial, Partes e Peças",1,Assistente Administrativo,"Empregado - Geral, inclusive o empregado público da administração direta ou indireta contratado pela CLT",Médio Completo,22,4,Parda,Mulher,CNPJ RAIZ,CNPJ,Admissão por reemprego,Não Deficiente,Não,Não,770,Zero,Não,eSocial,Não,5,18 A 24 anos,Até 12 horas,2021
2800144,2021-07,Al-Maceio,Indústrias de Transformação,Serviços de Montagem de Móveis de Qualquer Material,-1,Carpinteiro,Não Identificado,Médio Incompleto,50,4,Branca,Homem,CNPJ RAIZ,CNPJ,Desligamento por demissão sem justa causa,Não Deficiente,Não Identificado,Não,1100,Zero,Não,CAGED,Não,99,50 A 64 anos,Até 12 horas,2021
2800145,2021-08,Al-Arapiraca,Educação,Educação Infantil - Pré-Escola,1,Professor de Nivel Medio na Educacao Infantil,"Empregado - Geral, inclusive o empregado público da administração direta ou indireta contratado pela CLT",Médio Completo,23,5,Parda,Mulher,CNPJ RAIZ,CNPJ,Admissão de Tipo Ignorado,Não Deficiente,Não,Não,337.5,Zero,Não,eSocial,Não,1,18 A 24 anos,Até 12 horas,2021
2800146,2021-03,Al-Maceio,Educação,Ensino Fundamental,1,Professor de Danca,"Empregado - Geral, inclusive o empregado público da administração direta ou indireta contratado pela CLT",Médio Completo,23,6,Não informada,Mulher,CNPJ RAIZ,CNPJ,Admissão por reemprego,Não Deficiente,Não,Não,408.9,Zero,Não,eSocial,Não,1,18 A 24 anos,Até 12 horas,2021
2800147,2021-03,Al-Maceio,Educação,Educação Infantil - Creche,1,Professor de Ensino Superior na Area de Pratica de Ensino,"Empregado - Geral, inclusive o empregado público da administração direta ou indireta contratado pela CLT",Mestrado,30,6,Branca,Homem,CNPJ RAIZ,CNPJ,Admissão por reemprego,Não Deficiente,Não,Não,645.9,Zero,Não,eSocial,Não,1,30 A 39 anos,Até 12 horas,2021
2960679,2022-06,Al-Maceio,Alojamento e Alimentação,Hotéis,-1,Cozinheiro Geral,"Empregado - Geral, inclusive o empregado público da administração direta ou indireta contratado pela CLT",Médio Completo,28,44,Não informada,Homem,CNPJ RAIZ,CNPJ,Desligamento a pedido,Não Deficiente,Não,Não,1249.47,De 20 a 49,Não,eSocial,Não,5,25 A 29 anos,41 a 44 horas,2022
2960680,2022-06,Al-Maceio,Alojamento e Alimentação,Hotéis,-1,Camareiro  de Hotel,"Empregado - Geral, inclusive o empregado público da administração direta ou indireta contratado pela CLT",Médio Completo,44,44,Não informada,Mulher,CNPJ RAIZ,CNPJ,Desligamento a pedido,Não Deficiente,Não,Não,1212,De 20 a 49,Não,eSocial,Não,5,40 A 49 anos,41 a 44 horas,2022
2960681,2022-06,Al-Maceio,Alojamento e Alimentação,Hotéis,-1,Garcom,"Empregado - Geral, inclusive o empregado público da administração direta ou indireta contratado pela CLT",Fundamental Completo,21,44,Parda,Homem,CNPJ RAIZ,CNPJ,Desligamento a pedido,Não Deficiente,Não,Não,1628,De 250 a 499,Não,eSocial,Não,5,18 A 24 anos,41 a 44 horas,2022
2960682,2022-06,Al-Maceio,Alojamento e Alimentação,Hotéis,-1,Cozinheiro Geral,"Empregado - Geral, inclusive o empregado público da administração direta ou indireta contratado pela CLT",Médio Completo,20,44,Não informada,Homem,CNPJ RAIZ,CNPJ,Desligamento a pedido,Não Deficiente,Não,Não,1396,De 250 a 499,Não,eSocial,Não,5,18 A 24 anos,41 a 44 horas,2022
2960683,2022-06,Al-Maceio,Alojamento e Alimentação,Hotéis,-1,Auxiliar nos Serviços de Alimentação,"Empregado - Geral, inclusive o empregado público da administração direta ou indireta contratado pela CLT",Médio Completo,24,44,Não informada,Mulher,CNPJ RAIZ,CNPJ,Desligamento a pedido,Não Deficiente,Não,Não,1249.47,De 20 a 49,Não,eSocial,Não,5,18 A 24 anos,41 a 44 horas,2022
2960684,2022-06,Al-Maceio,Alojamento e Alimentação,Hotéis,-1,Lavador de Roupas,"Empregado - Geral, inclusive o empregado público da administração direta ou indireta contratado pela CLT",Médio Completo,46,44,Não informada,Mulher,CNPJ RAIZ,CNPJ,Desligamento a pedido,Não Deficiente,Não,Não,1249.47,Zero,Não,eSocial,Não,5,40 A 49 anos,41 a 44 horas,2022
2960685,2022-06,Al-Maceio,Alojamento e Alimentação,Hotéis,-1,Copeiro,"Empregado - Geral, inclusive o empregado público da administração direta ou indireta contratado pela CLT",Médio Completo,42,44,Parda,Mulher,CNPJ RAIZ,CNPJ,Desligamento a pedido,Não Deficiente,Não,Não,1249.47,De 50 a 99,Não,eSocial,Não,5,40 A 49 anos,41 a 44 horas,2022
2960686,2022-06,Al-Maceio,Alojamento e Alimentação,Hotéis,-1,Camareiro  de Hotel,"Empregado - Geral, inclusive o empregado público da administração direta ou indireta contratado pela CLT",Médio Completo,39,44,Não informada,Mulher,CNPJ RAIZ,CNPJ,Desligamento a pedido,Não Deficiente,Não,Não,1300,De 10 a 19,Não,eSocial,Não,5,30 A 39 anos,41 a 44 horas,2022
2960687,2022-06,Al-Maceio,Alojamento e Alimentação,Hotéis,-1,Recepcionista de Hotel,"Empregado - Geral, inclusive o empregado público da administração direta ou indireta contratado pela CLT",Superior Completo,31,44,Não informada,Homem,CNPJ RAIZ,CNPJ,Desligamento a pedido,Não Deficiente,Não,Não,1641.25,De 20 a 49,Não,eSocial,Não,5,30 A 39 anos,41 a 44 horas,2022
2960688,2022-06,Al-Maceio,Alojamento e Alimentação,Hotéis,-1,Chefe de Cozinha (Desativado em 2010),"Empregado - Geral, inclusive o empregado público da administração direta ou indireta contratado pela CLT",Médio Completo,35,44,Não informada,Homem,CNPJ RAIZ,CNPJ,Desligamento a pedido,Não Deficiente,Não,Não,8000,De 250 a 499,Não,eSocial,Não,5,30 A 39 anos,41 a 44 horas,2022
2960689,2022-06,Al-Maceio,Alojamento e Alimentação,Hotéis,-1,Camareiro  de Hotel,"Empregado - Geral, inclusive o empregado público da administração direta ou indireta contratado pela CLT",6ª a 9ª Fundamental,24,44,Não informada,Mulher,CNPJ RAIZ,CNPJ,Desligamento a pedido,Não Deficiente,Não,Não,1325,De 250 a 499,Não,eSocial,Não,5,18 A 24 anos,41 a 44 horas,2022
2960690,2022-06,Al-Maceio,Alojamento e Alimentação,Hotéis,-1,Continuo,"Empregado - Geral, inclusive o empregado público da administração direta ou indireta contratado pela CLT",Médio Completo,40,44,Parda,Homem,CNPJ RAIZ,CNPJ,Desligamento a pedido,Não Deficiente,Não,Não,1249.47,De 20 a 49,Não,eSocial,Não,5,40 A 49 anos,41 a 44 horas,2022
2960691,2022-06,Al-Maceio,Alojamento e Alimentação,Hotéis,-1,Recepcionista de Hotel,"Empregado - Geral, inclusive o empregado público da administração direta ou indireta contratado pela CLT",Médio Completo,31,44,Parda,Homem,CNPJ RAIZ,CNPJ,Desligamento a pedido,Não Deficiente,Não,Não,1249.47,De 20 a 49,Não,eSocial,Não,5,30 A 39 anos,41 a 44 horas,2022
2960692,2022-06,Al-Maceio,Alojamento e Alimentação,Hotéis,-1,Recepcionista de Hotel,"Empregado - Geral, inclusive o empregado público da administração direta ou indireta contratado pela CLT",Médio Completo,20,44,Não informada,Mulher,CNPJ RAIZ,CNPJ,Desligamento a pedido,Não Deficiente,Não,Não,1500,De 10 a 19,Não,eSocial,Não,5,18 A 24 anos,41 a 44 horas,2022
2960693,2022-06,Al-Maceio,Alojamento e Alimentação,Hotéis,-1,Auxiliar de Manutenção Predial,"Empregado - Geral, inclusive o empregado público da administração direta ou indireta contratado pela CLT",Médio Completo,30,44,Parda,Homem,CNPJ RAIZ,CNPJ,Desligamento a pedido,Não Deficiente,Não,Não,1587.36,De 100 a 249,Não,eSocial,Não,5,30 A 39 anos,41 a 44 horas,2022
2960694,2022-06,Al-Maceio,Alojamento e Alimentação,Hotéis,-1,Camareiro  de Hotel,"Empregado - Geral, inclusive o empregado público da administração direta ou indireta contratado pela CLT",Médio Completo,34,44,Parda,Mulher,CNPJ RAIZ,CNPJ,Desligamento a pedido,Não Deficiente,Não,Não,1249.47,De 20 a 49,Não,eSocial,Não,5,30 A 39 anos,41 a 44 horas,2022
2960695,2022-06,Al-Maceio,Alojamento e Alimentação,Hotéis,-1,Continuo,"Empregado - Geral, inclusive o empregado público da administração direta ou indireta contratado pela CLT",Médio Completo,39,44,Não informada,Homem,CNPJ RAIZ,CNPJ,Desligamento a pedido,Não Deficiente,Não,Não,1249.47,De 50 a 99,Não,eSocial,Não,5,30 A 39 anos,41 a 44 horas,2022
2960696,2022-06,Al-Maceio,Alojamento e Alimentação,Hotéis,-1,Chefe de Portaria de Hotel,"Empregado - Geral, inclusive o empregado público da administração direta ou indireta contratado pela CLT",Superior Completo,39,44,Não informada,Mulher,CNPJ RAIZ,CNPJ,Desligamento a pedido,Não Deficiente,Não,Não,9463.5,De 250 a 499,Não,eSocial,Não,5,30 A 39 anos,41 a 44 horas,2022
2960697,2022-06,Al-Maceio,Alojamento e Alimentação,Hotéis,-1,Auxiliar nos Serviços de Alimentação,"Empregado - Geral, inclusive o empregado público da administração direta ou indireta contratado pela CLT",Fundamental Completo,46,44,Parda,Mulher,CNPJ RAIZ,CNPJ,Desligamento a pedido,Não Deficiente,Não,Não,1307.87,De 10 a 19,Não,eSocial,Não,5,40 A 49 anos,41 a 44 horas,2022
2960698,2022-06,Al-Maceio,Alojamento e Alimentação,Hotéis,-1,Bombeiro Civil,"Empregado - Geral, inclusive o empregado público da administração direta ou indireta contratado pela CLT",Médio Completo,37,44,Não informada,Homem,CNPJ RAIZ,CNPJ,Desligamento a pedido,Não Deficiente,Não,Não,1924,De 100 a 249,Não,eSocial,Não,5,30 A 39 anos,41 a 44 horas,2022
2960699,2022-06,Al-Maceio,Alojamento e Alimentação,Hotéis,-1,Camareiro  de Hotel,"Empregado - Geral, inclusive o empregado público da administração direta ou indireta contratado pela CLT",Médio Completo,31,44,Parda,Homem,CNPJ RAIZ,CNPJ,Desligamento a pedido,Não Deficiente,Não,Não,1120,De 10 a 19,Não,eSocial,Não,5,30 A 39 anos,41 a 44 horas,2022
2960700,2022-06,Al-Maceio,Alojamento e Alimentação,Hotéis,-1,Recepcionista de Hotel,"Empregado - Geral, inclusive o empregado público da administração direta ou indireta contratado pela CLT",Médio Completo,37,44,Branca,Homem,CNPJ RAIZ,CNPJ,Desligamento a pedido,Física,Não,Não,2081,De 100 a 249,Não,eSocial,Não,5,30 A 39 anos,41 a 44 horas,2022
2960701,2022-06,Al-Maceio,Alojamento e Alimentação,Hotéis,-1,Recepcionista de Hotel,"Empregado - Geral, inclusive o empregado público da administração direta ou indireta contratado pela CLT",Médio Completo,38,44,Parda,Homem,CNPJ RAIZ,CNPJ,Desligamento a pedido,Não Deficiente,Não,Não,1249.47,De 20 a 49,Não,eSocial,Não,5,30 A 39 anos,41 a 44 horas,2022
2960702,2022-06,Al-Maceio,Alojamento e Alimentação,Hotéis,-1,"Recepcionista, em Geral","Empregado - Geral, inclusive o empregado público da administração direta ou indireta contratado pela CLT",Superior Completo,26,44,Parda,Homem,CNPJ RAIZ,CNPJ,Desligamento a pedido,Não Deficiente,Não,Não,1565,De 250 a 499,Não,eSocial,Não,5,25 A 29 anos,41 a 44 horas,2022
2960703,2022-06,Al-Maceio,Alojamento e Alimentação,Hotéis,-1,"Auxiliar de Escritorio, em Geral",Empregado - Aprendiz,Superior Incompleto,19,22,Não informada,Homem,CNPJ RAIZ,CNPJ,Desligamento a pedido,Não Deficiente,Não,Não,606,De 250 a 499,Sim,eSocial,Não,5,18 A 24 anos,21 a 30 horas,2022
2960704,2022-06,Al-Maceio,Alojamento e Alimentação,Hotéis,-1,"Recepcionista, em Geral","Empregado - Geral, inclusive o empregado público da administração direta ou indireta contratado pela CLT",Médio Completo,29,44,Parda,Homem,CNPJ RAIZ,CNPJ,Desligamento a pedido,Não Deficiente,Não,Não,1529.88,De 20 a 49,Não,eSocial,Não,5,25 A 29 anos,41 a 44 horas,2022
2960705,2022-06,Al-Maceio,Alojamento e Alimentação,Hotéis,-1,Faxineiro (Desativado em 2010),"Empregado - Geral, inclusive o empregado público da administração direta ou indireta contratado pela CLT",Médio Completo,26,44,Não informada,Homem,CNPJ RAIZ,CNPJ,Desligamento a pedido,Não Deficiente,Não,Não,1249.47,De 20 a 49,Não,eSocial,Não,5,25 A 29 anos,41 a 44 horas,2022
2960706,2022-06,Al-Maceio,Alojamento e Alimentação,Hotéis,-1,Cozinheiro Geral,"Empregado - Geral, inclusive o empregado público da administração direta ou indireta contratado pela CLT",Fundamental Completo,44,44,Parda,Mulher,CNPJ RAIZ,CNPJ,Desligamento a pedido,Não Deficiente,Não,Não,1434.65,De 100 a 249,Não,eSocial,Não,5,40 A 49 anos,41 a 44 horas,2022
2960707,2022-06,Al-Maceio,Alojamento e Alimentação,Hotéis,-1,Camareiro  de Hotel,"Empregado - Geral, inclusive o empregado público da administração direta ou indireta contratado pela CLT",Médio Completo,27,44,Parda,Mulher,CNPJ RAIZ,CNPJ,Desligamento a pedido,Não Deficiente,Não,Não,1249.47,De 10 a 19,Não,eSocial,Não,5,25 A 29 anos,41 a 44 horas,2022
2960708,2022-06,Al-Maceio,Alojamento e Alimentação,Hotéis,-1,Zelador de Edificio,"Empregado - Geral, inclusive o empregado público da administração direta ou indireta contratado pela CLT",6ª a 9ª Fundamental,43,44,Parda,Homem,CNPJ RAIZ,CNPJ,Desligamento a pedido,Não Deficiente,Não,Não,1249.47,De 100 a 249,Não,eSocial,Não,5,40 A 49 anos,41 a 44 horas,2022
2960709,2022-06,Al-Maceio,Alojamento e Alimentação,Hotéis,-1,Trabalhador de Servicos de Limpeza e Conservacao de Areas Publicas,"Empregado - Geral, inclusive o empregado público da administração direta ou indireta contratado pela CLT",Superior Incompleto,32,44,Não informada,Homem,CNPJ RAIZ,CNPJ,Desligamento a pedido,Não Deficiente,Não,Não,1204.82,De 250 a 499,Não,eSocial,Não,5,30 A 39 anos,41 a 44 horas,2022
2960710,2022-06,Al-Maceio,Alojamento e Alimentação,Hotéis,-1,Trabalhador da Manutenção de Edificações,"Empregado - Geral, inclusive o empregado público da administração direta ou indireta contratado pela CLT",Médio Completo,37,44,Parda,Mulher,CNPJ RAIZ,CNPJ,Desligamento a pedido,Não Deficiente,Não,Não,1249.6,De 10 a 19,Não,eSocial,Não,1,30 A 39 anos,41 a 44 horas,2022
2960711,2022-06,Al-Maceio,Alojamento e Alimentação,Hotéis,-1,Camareiro  de Hotel,"Empregado - Geral, inclusive o empregado público da administração direta ou indireta contratado pela CLT",Médio Completo,23,44,Não informada,Mulher,CNPJ RAIZ,CNPJ,Desligamento a pedido,Não Deficiente,Não,Não,1129,De 50 a 99,Não,eSocial,Não,5,18 A 24 anos,41 a 44 horas,2022
2960712,2022-06,Al-Maceio,Alojamento e Alimentação,Hotéis,-1,Recepcionista de Hotel,"Empregado - Geral, inclusive o empregado público da administração direta ou indireta contratado pela CLT",Médio Completo,30,44,Não informada,Homem,CNPJ RAIZ,CNPJ,Desligamento a pedido,Não Deficiente,Não,Não,1371.35,De 20 a 49,Não,eSocial,Não,5,30 A 39 anos,41 a 44 horas,2022
2960713,2022-06,Al-Maceio,Alojamento e Alimentação,Hotéis,-1,"Recepcionista, em Geral","Empregado - Geral, inclusive o empregado público da administração direta ou indireta contratado pela CLT",Médio Completo,31,44,Parda,Mulher,CNPJ RAIZ,CNPJ,Desligamento a pedido,Não Deficiente,Não,Não,1529.88,De 20 a 49,Não,eSocial,Não,5,30 A 39 anos,41 a 44 horas,2022
2960714,2022-06,Al-Maceio,Alojamento e Alimentação,Hotéis,-1,Recreador,"Empregado - Geral, inclusive o empregado público da administração direta ou indireta contratado pela CLT",Médio Completo,24,44,Parda,Mulher,CNPJ RAIZ,CNPJ,Desligamento a pedido,Não Deficiente,Não,Não,1341.62,De 250 a 499,Não,eSocial,Não,5,18 A 24 anos,41 a 44 horas,2022
2960715,2022-06,Al-Maceio,Alojamento e Alimentação,Hotéis,-1,Tecnico em Administracao,"Empregado - Geral, inclusive o empregado público da administração direta ou indireta contratado pela CLT",Pós-Graduação completa,42,44,Branca,Homem,CNPJ RAIZ,CNPJ,Desligamento a pedido,Não Deficiente,Não,Não,2724,De 100 a 249,Não,eSocial,Não,5,40 A 49 anos,41 a 44 horas,2022
2960716,2022-06,Al-Maceio,Alojamento e Alimentação,Hotéis,-1,Gerente de Comunicacao,"Empregado - Geral, inclusive o empregado público da administração direta ou indireta contratado pela CLT",Médio Completo,24,44,Não informada,Mulher,CNPJ RAIZ,CNPJ,Desligamento a pedido,Não Deficiente,Não,Não,2083,De 250 a 499,Não,eSocial,Não,5,18 A 24 anos,41 a 44 horas,2022
2960717,2022-06,Al-Maceio,Alojamento e Alimentação,Hotéis,-1,Cumim,"Empregado - Geral, inclusive o empregado público da administração direta ou indireta contratado pela CLT",Médio Completo,30,44,Parda,Homem,CNPJ RAIZ,CNPJ,Desligamento a pedido,Não Deficiente,Não,Não,1324.79,De 50 a 99,Não,eSocial,Não,5,30 A 39 anos,41 a 44 horas,2022
2960718,2022-06,Al-Arapiraca,Alojamento e Alimentação,Motéis,-1,Trabalhador de Servicos de Limpeza e Conservacao de Areas Publicas,"Empregado - Geral, inclusive o empregado público da administração direta ou indireta contratado pela CLT",Médio Completo,46,44,Não informada,Mulher,CNPJ RAIZ,CNPJ,Desligamento a pedido,Não Deficiente,Não,Não,1212,De 10 a 19,Não,eSocial,Não,5,40 A 49 anos,41 a 44 horas,2022
2960719,2022-06,Al-Arapiraca,Alojamento e Alimentação,Motéis,-1,"Recepcionista, em Geral","Empregado - Geral, inclusive o empregado público da administração direta ou indireta contratado pela CLT",Médio Completo,31,44,Não informada,Mulher,CNPJ RAIZ,CNPJ,Desligamento a pedido,Não Deficiente,Não,Não,1249.47,De 10 a 19,Não,eSocial,Não,5,30 A 39 anos,41 a 44 horas,2022
2960720,2022-06,Al-Arapiraca,Alojamento e Alimentação,Motéis,-1,Trabalhador de Servicos de Limpeza e Conservacao de Areas Publicas,"Empregado - Geral, inclusive o empregado público da administração direta ou indireta contratado pela CLT",Médio Completo,21,44,Não informada,Homem,CNPJ RAIZ,CNPJ,Desligamento a pedido,Não Deficiente,Não,Não,1212,De 10 a 19,Não,eSocial,Não,5,18 A 24 anos,41 a 44 horas,2022
2960721,2022-06,Al-Maceio,Alojamento e Alimentação,Motéis,-1,Camareiro  de Hotel,"Empregado - Geral, inclusive o empregado público da administração direta ou indireta contratado pela CLT",Médio Completo,26,44,Parda,Mulher,CNPJ RAIZ,CNPJ,Desligamento a pedido,Não Deficiente,Não,Não,1249.47,De 20 a 49,Não,eSocial,Não,5,25 A 29 anos,41 a 44 horas,2022
2960722,2022-06,Al-Maceio,"Atividades Profissionais, Científicas e Técnicas",Cartórios,-1,Continuo,"Empregado - Geral, inclusive o empregado público da administração direta ou indireta contratado pela CLT",Médio Completo,60,35,Não informada,Homem,CPF,CAEPF(Cadastro de Atividade Econômica de Pessoa Física),Desligamento a pedido,Não Deficiente,Não,Não,1212,Zero,Não,eSocial,Não,5,50 A 64 anos,31 a 40 horas,2022
2960723,2022-06,Al-Maceio,"Atividades Profissionais, Científicas e Técnicas",Cartórios,-1,Assistente Administrativo,Empregado - Aprendiz,Médio Incompleto,19,20,Parda,Homem,CPF,CAEPF(Cadastro de Atividade Econômica de Pessoa Física),Desligamento a pedido,Não Deficiente,Não,Sim,500,De 1 a 4,Sim,eSocial,Não,1,18 A 24 anos,16 a 20 horas,2022
2960724,2022-06,Al-Maceio,Outras Atividades de Serviços,Lavanderias,-1,Auxiliar de Lavanderia,"Empregado - Geral, inclusive o empregado público da administração direta ou indireta contratado pela CLT",Médio Completo,22,44,Parda,Homem,CNPJ RAIZ,CNPJ,Desligamento a pedido,Não Deficiente,Não,Não,1212,Zero,Não,eSocial,Não,5,18 A 24 anos,41 a 44 horas,2022
2960725,2022-06,Al-Maceio,Outras Atividades de Serviços,Lavanderias,-1,Auxiliar de Lavanderia,"Empregado - Geral, inclusive o empregado público da administração direta ou indireta contratado pela CLT",Médio Completo,20,44,Parda,Homem,CNPJ RAIZ,CNPJ,Desligamento a pedido,Não Deficiente,Não,Não,1212,Zero,Não,eSocial,Não,5,18 A 24 anos,41 a 44 horas,2022
2960726,2022-06,Al-Maceio,Outras Atividades de Serviços,Lavanderias,-1,Auxiliar de Lavanderia,Empregado - Contrato de trabalho intermitente,Médio Completo,47,44,Não informada,Homem,CNPJ RAIZ,CNPJ,Desligamento a pedido,Não Deficiente,Sim,Não Identificado,1100,De 1 a 4,Não,eSocial,Não,1,40 A 49 anos,41 a 44 horas,2022
2960727,2022-06,Al-Maceio,Outras Atividades de Serviços,Lavanderias,-1,Auxiliar de Lavanderia,"Empregado - Geral, inclusive o empregado público da administração direta ou indireta contratado pela CLT",Médio Completo,48,44,Não informada,Homem,CNPJ RAIZ,CNPJ,Desligamento a pedido,Não Deficiente,Não,Não,1212,Zero,Não,eSocial,Não,5,40 A 49 anos,41 a 44 horas,2022
2960728,2022-06,Al-Maceio,Outras Atividades de Serviços,Cabeleireiros,-1,Cabeleireiro,"Empregado - Geral, inclusive o empregado público da administração direta ou indireta contratado pela CLT",6ª a 9ª Fundamental,37,44,Branca,Mulher,CNPJ RAIZ,CNPJ,Desligamento a pedido,Não Deficiente,Não,Não,1125,De 5 a 9,Não,eSocial,Não,5,30 A 39 anos,41 a 44 horas,2022
3147968,2023-02,Al-Maceio,"Comércio, Reparação de Veículos Automotores e Motocicletas","Comércio a Varejo de Automóveis, Camionetas e Utilitários Novos",-1,"Auxiliar de Escritorio, em Geral",Empregado - Aprendiz,Médio Incompleto,18,20,Não informada,Homem,CNPJ RAIZ,CNPJ,Culpa Recíproca,Não Deficiente,Não,Não,651,De 100 a 249,Sim,eSocial,Não,5,18 A 24 anos,16 a 20 horas,2023
3147969,2023-02,Al-Maceio,Alojamento e Alimentação,Hotéis,-1,Camareiro  de Hotel,"Empregado - Geral, inclusive o empregado público da administração direta ou indireta contratado pela CLT",Médio Completo,34,44,Não informada,Mulher,CNPJ RAIZ,CNPJ,Desligamento a pedido,Não Deficiente,Não,Não,1365,De 50 a 99,Não,eSocial,Não,5,30 A 39 anos,41 a 44 horas,2023
3147970,2023-02,Al-Maceio,Alojamento e Alimentação,Hotéis,-1,Encarregado de Manutencao Mecanica de Sistemas Operacionais,"Empregado - Geral, inclusive o empregado público da administração direta ou indireta contratado pela CLT",Médio Completo,49,44,Parda,Homem,CNPJ RAIZ,CNPJ,Desligamento a pedido,Não Deficiente,Não,Não,2137.68,De 50 a 99,Não,eSocial,Não,5,40 A 49 anos,41 a 44 horas,2023
3147971,2023-02,Al-Maceio,Alojamento e Alimentação,Hotéis,-1,Camareiro  de Hotel,"Empregado - Geral, inclusive o empregado público da administração direta ou indireta contratado pela CLT",Médio Completo,21,44,Não informada,Mulher,CNPJ RAIZ,CNPJ,Desligamento a pedido,Não Deficiente,Não,Não,1447,De 250 a 499,Não,eSocial,Não,5,18 A 24 anos,41 a 44 horas,2023
3147972,2023-02,Al-Maceio,Alojamento e Alimentação,Hotéis,-1,Barman,"Empregado - Geral, inclusive o empregado público da administração direta ou indireta contratado pela CLT",Médio Incompleto,26,44,Parda,Homem,CNPJ RAIZ,CNPJ,Desligamento a pedido,Não Deficiente,Não,Não,1365,De 20 a 49,Não,eSocial,Não,5,25 A 29 anos,41 a 44 horas,2023
3147973,2023-02,Al-Maceio,Alojamento e Alimentação,Hotéis,-1,Pizzaiolo,"Empregado - Geral, inclusive o empregado público da administração direta ou indireta contratado pela CLT",Médio Completo,38,44,Não informada,Homem,CNPJ RAIZ,CNPJ,Desligamento a pedido,Não Deficiente,Não,Não,1534.4,Zero,Não,eSocial,Não,5,30 A 39 anos,41 a 44 horas,2023
3147974,2023-02,Al-Maceio,Alojamento e Alimentação,Hotéis,-1,Servente de Obras,"Empregado - Geral, inclusive o empregado público da administração direta ou indireta contratado pela CLT",Médio Completo,24,44,Não informada,Homem,CNPJ RAIZ,CNO(Cadastro Nacional de Obra),Desligamento a pedido,Não Deficiente,Não,Não,1302,De 20 a 49,Não,eSocial,Não,5,18 A 24 anos,41 a 44 horas,2023
3147975,2023-02,Al-Maceio,Alojamento e Alimentação,Hotéis,-1,Camareiro  de Hotel,"Empregado - Geral, inclusive o empregado público da administração direta ou indireta contratado pela CLT",Médio Completo,36,44,Parda,Mulher,CNPJ RAIZ,CNPJ,Desligamento a pedido,Não Deficiente,Não,Não,1365,De 50 a 99,Não,eSocial,Não,5,30 A 39 anos,41 a 44 horas,2023
3147976,2023-02,Al-Maceio,Alojamento e Alimentação,Hotéis,-1,Recreador,"Empregado - Geral, inclusive o empregado público da administração direta ou indireta contratado pela CLT",Médio Incompleto,26,44,Não informada,Homem,CNPJ RAIZ,CNPJ,Desligamento a pedido,Não Deficiente,Não,Não,1617,De 250 a 499,Não,eSocial,Não,5,25 A 29 anos,41 a 44 horas,2023
3147977,2023-02,Al-Maceio,Alojamento e Alimentação,Hotéis,-1,Auxiliar nos Serviços de Alimentação,"Empregado - Geral, inclusive o empregado público da administração direta ou indireta contratado pela CLT",Médio Completo,42,44,Branca,Mulher,CNPJ RAIZ,CNPJ,Desligamento a pedido,Não Deficiente,Não,Não,1674.47,De 50 a 99,Não,eSocial,Não,5,40 A 49 anos,41 a 44 horas,2023
3147978,2023-02,Al-Maceio,Alojamento e Alimentação,Hotéis,-1,Recepcionista de Hotel,"Empregado - Geral, inclusive o empregado público da administração direta ou indireta contratado pela CLT",Superior Completo,32,44,Parda,Mulher,CNPJ RAIZ,CNPJ,Desligamento a pedido,Não Deficiente,Não,Não,1365,De 10 a 19,Não,eSocial,Não,5,30 A 39 anos,41 a 44 horas,2023
3147979,2023-02,Al-Maceio,Alojamento e Alimentação,Hotéis,-1,Camareiro  de Hotel,"Empregado - Geral, inclusive o empregado público da administração direta ou indireta contratado pela CLT",Médio Completo,24,44,Não informada,Mulher,CNPJ RAIZ,CNPJ,Desligamento a pedido,Não Deficiente,Não,Não,1302,De 1 a 4,Não,eSocial,Não,5,18 A 24 anos,41 a 44 horas,2023
3147980,2023-02,Al-Maceio,Alojamento e Alimentação,Hotéis,-1,Faxineiro (Desativado em 2010),"Empregado - Geral, inclusive o empregado público da administração direta ou indireta contratado pela CLT",Médio Completo,28,44,Parda,Mulher,CNPJ RAIZ,CNPJ,Desligamento a pedido,Não Deficiente,Não,Não,1365,De 20 a 49,Não,eSocial,Não,5,25 A 29 anos,41 a 44 horas,2023
3147981,2023-02,Al-Maceio,Alojamento e Alimentação,Hotéis,-1,Ciclista Mensageiro,"Empregado - Geral, inclusive o empregado público da administração direta ou indireta contratado pela CLT",Médio Completo,18,44,Parda,Homem,CNPJ RAIZ,CNPJ,Desligamento a pedido,Não Deficiente,Não,Não,1365,De 10 a 19,Não,eSocial,Não,5,18 A 24 anos,41 a 44 horas,2023
3147982,2023-02,Al-Maceio,Alojamento e Alimentação,Hotéis,-1,Chefe de Cozinha (Desativado em 2010),"Empregado - Geral, inclusive o empregado público da administração direta ou indireta contratado pela CLT",Superior Completo,33,44,Branca,Homem,CNPJ RAIZ,CNPJ,Desligamento a pedido,Não Deficiente,Não,Não,5000,De 100 a 249,Não,eSocial,Não,5,30 A 39 anos,41 a 44 horas,2023
3147983,2023-02,Al-Maceio,Alojamento e Alimentação,Hotéis,-1,Zelador de Edificio,"Empregado - Geral, inclusive o empregado público da administração direta ou indireta contratado pela CLT",Médio Completo,26,44,Parda,Homem,CNPJ RAIZ,CNPJ,Desligamento a pedido,Não Deficiente,Não,Não,1365,De 100 a 249,Não,eSocial,Não,5,25 A 29 anos,41 a 44 horas,2023
3147984,2023-02,Al-Maceio,Alojamento e Alimentação,Hotéis,-1,Encarregado de Manutencao Mecanica de Sistemas Operacionais,"Empregado - Geral, inclusive o empregado público da administração direta ou indireta contratado pela CLT",Médio Completo,37,44,Parda,Homem,CNPJ RAIZ,CNPJ,Desligamento a pedido,Não Deficiente,Não,Não,2137.68,De 50 a 99,Não,eSocial,Não,5,30 A 39 anos,41 a 44 horas,2023
3147985,2023-02,Al-Maceio,Alojamento e Alimentação,Hotéis,-1,"Auxiliar de Escritorio, em Geral",Empregado - Aprendiz,Médio Completo,21,22,Não informada,Mulher,CNPJ RAIZ,CNPJ,Desligamento a pedido,Não Deficiente,Não,Não,651,De 250 a 499,Sim,eSocial,Não,5,18 A 24 anos,21 a 30 horas,2023
3147986,2023-02,Al-Maceio,Alojamento e Alimentação,Hotéis,-1,"Auxiliar de Escritorio, em Geral",Empregado - Aprendiz,Médio Completo,23,20,Parda,Mulher,CNPJ RAIZ,CNPJ,Desligamento a pedido,Não Deficiente,Não,Não,651,De 250 a 499,Sim,eSocial,Não,5,18 A 24 anos,16 a 20 horas,2023
3147987,2023-02,Al-Maceio,Alojamento e Alimentação,Hotéis,-1,Auxiliar nos Serviços de Alimentação,"Empregado - Geral, inclusive o empregado público da administração direta ou indireta contratado pela CLT",Médio Completo,19,44,Não informada,Mulher,CNPJ RAIZ,CNPJ,Desligamento a pedido,Não Deficiente,Não,Não,1500,De 20 a 49,Não,eSocial,Não,5,18 A 24 anos,41 a 44 horas,2023
3147988,2023-02,Al-Maceio,Alojamento e Alimentação,Hotéis,-1,Recepcionista de Hotel,"Empregado - Geral, inclusive o empregado público da administração direta ou indireta contratado pela CLT",Médio Completo,27,44,Não informada,Homem,CNPJ RAIZ,CNPJ,Desligamento a pedido,Não Deficiente,Não,Não,1365,De 5 a 9,Não,eSocial,Não,5,25 A 29 anos,41 a 44 horas,2023
3147989,2023-02,Al-Maceio,Alojamento e Alimentação,Hotéis,-1,Auxiliar nos Serviços de Alimentação,"Empregado - Geral, inclusive o empregado público da administração direta ou indireta contratado pela CLT",Médio Completo,37,44,Parda,Mulher,CNPJ RAIZ,CNPJ,Desligamento a pedido,Não Deficiente,Não,Não,1365,De 20 a 49,Não,eSocial,Não,5,30 A 39 anos,41 a 44 horas,2023
3147990,2023-02,Al-Maceio,Alojamento e Alimentação,Hotéis,-1,Garcom,"Empregado - Geral, inclusive o empregado público da administração direta ou indireta contratado pela CLT",Médio Completo,22,44,Parda,Mulher,CNPJ RAIZ,CNPJ,Desligamento a pedido,Não Deficiente,Não,Não,1618.73,De 50 a 99,Não,eSocial,Não,5,18 A 24 anos,41 a 44 horas,2023
3147991,2023-02,Al-Maceio,Alojamento e Alimentação,Hotéis,-1,Cumim,"Empregado - Geral, inclusive o empregado público da administração direta ou indireta contratado pela CLT",Médio Completo,28,44,Parda,Homem,CNPJ RAIZ,CNPJ,Desligamento a pedido,Não Deficiente,Não,Não,1493.04,De 250 a 499,Não,eSocial,Não,5,25 A 29 anos,41 a 44 horas,2023
3147992,2023-02,Al-Maceio,Alojamento e Alimentação,Hotéis,-1,Faxineiro (Desativado em 2010),"Empregado - Geral, inclusive o empregado público da administração direta ou indireta contratado pela CLT",Fundamental Completo,35,33,Parda,Homem,CNPJ RAIZ,CNPJ,Desligamento a pedido,Não Deficiente,Não,Não,1588.63,De 20 a 49,Não,eSocial,Não,5,30 A 39 anos,31 a 40 horas,2023
3147993,2023-02,Al-Maceio,Alojamento e Alimentação,Hotéis,-1,Trabalhador de Servicos de Limpeza e Conservacao de Areas Publicas,"Empregado - Geral, inclusive o empregado público da administração direta ou indireta contratado pela CLT",Médio Incompleto,27,44,Preta,Mulher,CNPJ RAIZ,CNPJ,Desligamento a pedido,Não Deficiente,Não,Não,1365,De 5 a 9,Não,eSocial,Não,5,25 A 29 anos,41 a 44 horas,2023
3147994,2023-02,Al-Maceio,Alojamento e Alimentação,Hotéis,-1,Auxiliar nos Serviços de Alimentação,"Empregado - Geral, inclusive o empregado público da administração direta ou indireta contratado pela CLT",Médio Completo,34,44,Não informada,Mulher,CNPJ RAIZ,CNPJ,Desligamento a pedido,Não Deficiente,Não,Não,1500,De 20 a 49,Não,eSocial,Não,5,30 A 39 anos,41 a 44 horas,2023
3147995,2023-02,Al-Maceio,Alojamento e Alimentação,Hotéis,-1,Camareiro  de Hotel,"Empregado - Geral, inclusive o empregado público da administração direta ou indireta contratado pela CLT",Médio Completo,28,44,Não informada,Mulher,CNPJ RAIZ,CNPJ,Desligamento a pedido,Não Deficiente,Não,Não,1365,De 10 a 19,Não,eSocial,Não,5,25 A 29 anos,41 a 44 horas,2023
3147996,2023-02,Al-Maceio,Alojamento e Alimentação,Hotéis,-1,Camareiro  de Hotel,"Empregado - Geral, inclusive o empregado público da administração direta ou indireta contratado pela CLT",Fundamental Completo,40,44,Não informada,Mulher,CNPJ RAIZ,CNPJ,Desligamento a pedido,Não Deficiente,Não,Não,1902,De 100 a 249,Não,eSocial,Não,5,40 A 49 anos,41 a 44 horas,2023
3147997,2023-02,Al-Maceio,Alojamento e Alimentação,Hotéis,-1,Camareiro  de Hotel,"Empregado - Geral, inclusive o empregado público da administração direta ou indireta contratado pela CLT",Médio Completo,23,44,Parda,Mulher,CNPJ RAIZ,CNPJ,Desligamento a pedido,Não Deficiente,Não,Não,1445,De 50 a 99,Não,eSocial,Não,5,18 A 24 anos,41 a 44 horas,2023
3147998,2023-02,Al-Maceio,Alojamento e Alimentação,Hotéis,-1,Agente de Vendas de Servicos,"Empregado - Geral, inclusive o empregado público da administração direta ou indireta contratado pela CLT",Superior Completo,44,44,Branca,Mulher,CNPJ RAIZ,CNPJ,Desligamento a pedido,Não Deficiente,Não,Não,1892.63,De 100 a 249,Não,eSocial,Não,5,40 A 49 anos,41 a 44 horas,2023
3147999,2023-02,Al-Maceio,Alojamento e Alimentação,Hotéis,-1,Garcom,"Empregado - Geral, inclusive o empregado público da administração direta ou indireta contratado pela CLT",Médio Completo,21,44,Parda,Mulher,CNPJ RAIZ,CNPJ,Desligamento a pedido,Não Deficiente,Não,Não,1618.73,De 50 a 99,Não,eSocial,Não,5,18 A 24 anos,41 a 44 horas,2023
3148000,2023-02,Al-Maceio,Alojamento e Alimentação,Hotéis,-1,Recepcionista de Hotel,"Empregado - Geral, inclusive o empregado público da administração direta ou indireta contratado pela CLT",Médio Completo,25,44,Não informada,Mulher,CNPJ RAIZ,CNPJ,Desligamento a pedido,Não Deficiente,Não,Não,1365,De 1 a 4,Não,eSocial,Não,5,25 A 29 anos,41 a 44 horas,2023
3148001,2023-02,Al-Maceio,Alojamento e Alimentação,Hotéis,-1,Garcom,"Empregado - Geral, inclusive o empregado público da administração direta ou indireta contratado pela CLT",Médio Completo,19,44,Não informada,Mulher,CNPJ RAIZ,CNPJ,Desligamento a pedido,Não Deficiente,Não,Não,1365,De 20 a 49,Não,eSocial,Não,5,18 A 24 anos,41 a 44 horas,2023
3148002,2023-02,Al-Maceio,Alojamento e Alimentação,Hotéis,-1,Camareiro  de Hotel,"Empregado - Geral, inclusive o empregado público da administração direta ou indireta contratado pela CLT",Médio Completo,43,44,Parda,Mulher,CNPJ RAIZ,CNPJ,Desligamento a pedido,Não Deficiente,Não,Não,1365,De 50 a 99,Não,eSocial,Não,5,40 A 49 anos,41 a 44 horas,2023
3148003,2023-02,Al-Arapiraca,Alojamento e Alimentação,Motéis,-1,Trabalhador de Servicos de Limpeza e Conservacao de Areas Publicas,"Empregado - Geral, inclusive o empregado público da administração direta ou indireta contratado pela CLT",Médio Incompleto,34,44,Parda,Mulher,CNPJ RAIZ,CNPJ,Desligamento a pedido,Não Deficiente,Não,Não,1302,De 20 a 49,Não,eSocial,Não,5,30 A 39 anos,41 a 44 horas,2023
3148004,2023-02,Al-Arapiraca,Alojamento e Alimentação,Motéis,-1,"Auxiliar de Escritorio, em Geral","Empregado - Geral, inclusive o empregado público da administração direta ou indireta contratado pela CLT",Médio Completo,28,44,Parda,Mulher,CNPJ RAIZ,CNPJ,Desligamento a pedido,Não Deficiente,Não,Não,1365,De 10 a 19,Não,eSocial,Não,5,25 A 29 anos,41 a 44 horas,2023
3148005,2023-02,Al-Maceio,Alojamento e Alimentação,Motéis,-1,Faxineiro (Desativado em 2010),"Empregado - Geral, inclusive o empregado público da administração direta ou indireta contratado pela CLT",Médio Completo,40,44,Parda,Mulher,CNPJ RAIZ,CNPJ,Desligamento a pedido,Não Deficiente,Não,Não,1365,De 10 a 19,Não,eSocial,Não,5,40 A 49 anos,41 a 44 horas,2023
3148006,2023-02,Al-Arapiraca,"Atividades Profissionais, Científicas e Técnicas",Cartórios,-1,"Auxiliar de Escritorio, em Geral",Empregado - Aprendiz,Médio Completo,20,30,Parda,Homem,CPF,CAEPF(Cadastro de Atividade Econômica de Pessoa Física),Desligamento a pedido,Não Deficiente,Não,Sim,888,De 1 a 4,Sim,eSocial,Não,1,18 A 24 anos,21 a 30 horas,2023
3148007,2023-02,Al-Maceio,"Atividades Profissionais, Científicas e Técnicas",Cartórios,-1,Auxiliar de Cartorio,"Empregado - Geral, inclusive o empregado público da administração direta ou indireta contratado pela CLT",Médio Completo,21,44,Não informada,Homem,CPF,CAEPF(Cadastro de Atividade Econômica de Pessoa Física),Desligamento a pedido,Não Deficiente,Não,Não,1302,Zero,Não,eSocial,Não,5,18 A 24 anos,41 a 44 horas,2023
3148008,2023-02,Al-Arapiraca,"Atividades Profissionais, Científicas e Técnicas",Cartórios,-1,Auxiliar de Cartorio,"Empregado - Geral, inclusive o empregado público da administração direta ou indireta contratado pela CLT",Superior Completo,42,44,Parda,Mulher,CPF,CAEPF(Cadastro de Atividade Econômica de Pessoa Física),Desligamento a pedido,Não Deficiente,Não,Não,1951,Zero,Não,eSocial,Não,5,40 A 49 anos,41 a 44 horas,2023
3148009,2023-02,Al-Maceio,Outras Atividades de Serviços,Lavanderias,-1,Auxiliar de Lavanderia,"Empregado - Geral, inclusive o empregado público da administração direta ou indireta contratado pela CLT",Médio Completo,28,44,Parda,Mulher,CNPJ RAIZ,CNPJ,Desligamento a pedido,Não Deficiente,Não,Não,1302,De 50 a 99,Não,eSocial,Não,5,25 A 29 anos,41 a 44 horas,2023
3148010,2023-02,Al-Maceio,Outras Atividades de Serviços,Lavanderias,-1,Auxiliar de Lavanderia,"Empregado - Geral, inclusive o empregado público da administração direta ou indireta contratado pela CLT",Médio Completo,30,44,Não informada,Mulher,CNPJ RAIZ,CNPJ,Desligamento a pedido,Não Deficiente,Não,Não,1365,De 10 a 19,Não,eSocial,Não,5,30 A 39 anos,41 a 44 horas,2023
3148011,2023-02,Al-Maceio,Outras Atividades de Serviços,Lavanderias,-1,Auxiliar de Lavanderia,"Empregado - Geral, inclusive o empregado público da administração direta ou indireta contratado pela CLT",Médio Completo,40,44,Não informada,Mulher,CNPJ RAIZ,CNPJ,Desligamento a pedido,Não Deficiente,Não,Não,1302,De 50 a 99,Não,eSocial,Não,5,40 A 49 anos,41 a 44 horas,2023
3148012,2023-02,Al-Maceio,Outras Atividades de Serviços,Lavanderias,-1,Auxiliar de Lavanderia,"Empregado - Geral, inclusive o empregado público da administração direta ou indireta contratado pela CLT",Médio Completo,55,44,Não informada,Homem,CNPJ RAIZ,CNPJ,Desligamento a pedido,Não Deficiente,Não,Não,1471.83,De 5 a 9,Não,eSocial,Não,5,50 A 64 anos,41 a 44 horas,2023
3148013,2023-02,Al-Maceio,Outras Atividades de Serviços,Lavanderias,-1,Auxiliar de Lavanderia,"Empregado - Geral, inclusive o empregado público da administração direta ou indireta contratado pela CLT",Médio Completo,43,44,Não informada,Mulher,CNPJ RAIZ,CNPJ,Desligamento a pedido,Não Deficiente,Não,Não,1125,De 1 a 4,Não,eSocial,Não,5,40 A 49 anos,41 a 44 horas,2023
3148014,2023-02,Al-Arapiraca,Indústrias de Transformação,Abate de Aves,-1,Faxineiro (Desativado em 2010),"Empregado - Geral, inclusive o empregado público da administração direta ou indireta contratado pela CLT",Médio Completo,21,44,Parda,Homem,CNPJ RAIZ,CNPJ,Desligamento a pedido,Não Deficiente,Não,Não,1212,De 10 a 19,Não,eSocial,Não,5,18 A 24 anos,41 a 44 horas,2023
3148015,2023-02,Al-Arapiraca,Indústrias de Transformação,Abate de Aves,-1,Atendente de Lojas e Mercados,"Empregado - Geral, inclusive o empregado público da administração direta ou indireta contratado pela CLT",Médio Completo,30,44,Não informada,Homem,CNPJ RAIZ,CNPJ,Desligamento a pedido,Não Deficiente,Não,Não,1302,De 1 a 4,Não,eSocial,Não,5,30 A 39 anos,41 a 44 horas,2023
3148016,2023-02,Al-Maceio,Outras Atividades de Serviços,Cabeleireiros,-1,"Auxiliar de Escritorio, em Geral","Empregado - Geral, inclusive o empregado público da administração direta ou indireta contratado pela CLT",Médio Completo,24,44,Não informada,Mulher,CNPJ RAIZ,CNPJ,Desligamento a pedido,Não Deficiente,Não,Não,1302,De 5 a 9,Não,eSocial,Não,5,18 A 24 anos,41 a 44 horas,2023
3148017,2023-02,Al-Maceio,Outras Atividades de Serviços,Cabeleireiros,-1,Cabeleireiro,"Empregado - Geral, inclusive o empregado público da administração direta ou indireta contratado pela CLT",Médio Completo,23,44,Parda,Mulher,CNPJ RAIZ,CNPJ,Desligamento a pedido,Não Deficiente,Não,Não,1212,De 1 a 4,Não,eSocial,Não,5,18 A 24 anos,41 a 44 horas,2023
3349190,2024-01,Al-Arapiraca,"Comércio, Reparação de Veículos Automotores e Motocicletas",Comércio a Varejo de Pneumáticos e Câmaras-De-Ar,-1,Vendedor de Comercio Varejista,Empregado - Aprendiz,Médio Incompleto,21,20,Não informada,Mulher,CNPJ RAIZ,CNPJ,Culpa Recíproca,Não Deficiente,Não,Não,670,De 5 a 9,Sim,eSocial,Não,5,18 A 24 anos,16 a 20 horas,2024
3349191,2024-01,Al-Maceio,"Comércio, Reparação de Veículos Automotores e Motocicletas","Comércio a Varejo de Automóveis, Camionetas e Utilitários Novos",-1,Assistente Administrativo,Empregado - Aprendiz,Médio Incompleto,18,20,Preta,Mulher,CNPJ RAIZ,CNPJ,Culpa Recíproca,Não Deficiente,Não,Não,660,De 100 a 249,Sim,eSocial,Não,5,18 A 24 anos,16 a 20 horas,2024
3349192,2024-01,Al-Maceio,"Comércio, Reparação de Veículos Automotores e Motocicletas","Comércio a Varejo de Automóveis, Camionetas e Utilitários Novos",-1,Assistente Administrativo,Empregado - Aprendiz,Médio Completo,20,20,Parda,Mulher,CNPJ RAIZ,CNPJ,Culpa Recíproca,Não Deficiente,Não,Não,660,De 100 a 249,Sim,eSocial,Não,5,18 A 24 anos,16 a 20 horas,2024
3349193,2024-01,Al-Maceio,Construção,Serviços Especializados para Construção não Especificados Anteriormente,-1,"Auxiliar de Escritorio, em Geral",Empregado - Aprendiz,Médio Completo,21,22,Parda,Homem,CNPJ RAIZ,CNPJ,Culpa Recíproca,Não Deficiente,Não,Não,829.26,De 100 a 249,Sim,eSocial,Não,5,18 A 24 anos,21 a 30 horas,2024
3349194,2024-01,Al-Maceio,Construção,Serviços Especializados para Construção não Especificados Anteriormente,-1,"Auxiliar de Escritorio, em Geral",Empregado - Aprendiz,Médio Completo,22,22,Parda,Homem,CNPJ RAIZ,CNPJ,Culpa Recíproca,Não Deficiente,Não,Não,829.26,De 100 a 249,Sim,eSocial,Não,5,18 A 24 anos,21 a 30 horas,2024
3349195,2024-01,Al-Maceio,Construção,Serviços Especializados para Construção não Especificados Anteriormente,-1,"Auxiliar de Escritorio, em Geral",Empregado - Aprendiz,Médio Completo,19,22,Parda,Homem,CNPJ RAIZ,CNPJ,Culpa Recíproca,Não Deficiente,Não,Não,829.26,De 100 a 249,Sim,eSocial,Não,5,18 A 24 anos,21 a 30 horas,2024
3349196,2024-01,Al-Maceio,Construção,Serviços Especializados para Construção não Especificados Anteriormente,-1,"Auxiliar de Escritorio, em Geral",Empregado - Aprendiz,Médio Completo,19,22,Parda,Homem,CNPJ RAIZ,CNPJ,Culpa Recíproca,Não Deficiente,Não,Não,829.26,De 100 a 249,Sim,eSocial,Não,5,18 A 24 anos,21 a 30 horas,2024
3349197,2024-01,Al-Maceio,Construção,Serviços Especializados para Construção não Especificados Anteriormente,-1,"Auxiliar de Escritorio, em Geral",Empregado - Aprendiz,Médio Completo,21,22,Parda,Homem,CNPJ RAIZ,CNPJ,Culpa Recíproca,Não Deficiente,Não,Não,829.26,De 100 a 249,Sim,eSocial,Não,5,18 A 24 anos,21 a 30 horas,2024
3349198,2024-01,Al-Maceio,Construção,Serviços Especializados para Construção não Especificados Anteriormente,-1,"Auxiliar de Escritorio, em Geral",Empregado - Aprendiz,Médio Completo,20,22,Parda,Homem,CNPJ RAIZ,CNPJ,Culpa Recíproca,Não Deficiente,Não,Não,829.26,De 100 a 249,Sim,eSocial,Não,5,18 A 24 anos,21 a 30 horas,2024
3349199,2024-01,Al-Maceio,Construção,Serviços Especializados para Construção não Especificados Anteriormente,-1,"Auxiliar de Escritorio, em Geral",Empregado - Aprendiz,Médio Completo,21,22,Parda,Homem,CNPJ RAIZ,CNPJ,Culpa Recíproca,Não Deficiente,Não,Não,829.26,De 100 a 249,Sim,eSocial,Não,5,18 A 24 anos,21 a 30 horas,2024
3349200,2024-01,Al-Maceio,Construção,Serviços Especializados para Construção não Especificados Anteriormente,-1,"Auxiliar de Escritorio, em Geral",Empregado - Aprendiz,Médio Completo,19,22,Parda,Homem,CNPJ RAIZ,CNPJ,Culpa Recíproca,Não Deficiente,Não,Não,829.26,De 100 a 249,Sim,eSocial,Não,5,18 A 24 anos,21 a 30 horas,2024
3349201,2024-01,Al-Maceio,Construção,Serviços Especializados para Construção não Especificados Anteriormente,-1,"Auxiliar de Escritorio, em Geral",Empregado - Aprendiz,Médio Completo,22,22,Parda,Mulher,CNPJ RAIZ,CNPJ,Culpa Recíproca,Não Deficiente,Não,Não,829.26,De 100 a 249,Sim,eSocial,Não,5,18 A 24 anos,21 a 30 horas,2024
3349202,2024-01,Al-Maceio,Construção,Serviços Especializados para Construção não Especificados Anteriormente,-1,"Auxiliar de Escritorio, em Geral",Empregado - Aprendiz,Médio Incompleto,20,22,Parda,Homem,CNPJ RAIZ,CNPJ,Culpa Recíproca,Não Deficiente,Não,Não,829.26,De 100 a 249,Sim,eSocial,Não,5,18 A 24 anos,21 a 30 horas,2024
3349203,2024-01,Al-Maceio,Construção,Serviços Especializados para Construção não Especificados Anteriormente,-1,"Auxiliar de Escritorio, em Geral",Empregado - Aprendiz,Médio Completo,19,22,Parda,Homem,CNPJ RAIZ,CNPJ,Culpa Recíproca,Não Deficiente,Não,Não,829.26,De 100 a 249,Sim,eSocial,Não,5,18 A 24 anos,21 a 30 horas,2024
3349204,2024-01,Al-Maceio,Construção,Serviços Especializados para Construção não Especificados Anteriormente,-1,"Auxiliar de Escritorio, em Geral",Empregado - Aprendiz,Médio Completo,23,22,Parda,Homem,CNPJ RAIZ,CNPJ,Culpa Recíproca,Não Deficiente,Não,Não,829.26,De 100 a 249,Sim,eSocial,Não,5,18 A 24 anos,21 a 30 horas,2024
3349205,2024-01,Al-Maceio,Construção,Serviços Especializados para Construção não Especificados Anteriormente,-1,"Auxiliar de Escritorio, em Geral",Empregado - Aprendiz,Médio Incompleto,23,22,Parda,Homem,CNPJ RAIZ,CNPJ,Culpa Recíproca,Não Deficiente,Não,Não,829.26,De 100 a 249,Sim,eSocial,Não,5,18 A 24 anos,21 a 30 horas,2024
3349206,2024-01,Al-Maceio,Construção,Serviços Especializados para Construção não Especificados Anteriormente,-1,"Auxiliar de Escritorio, em Geral",Empregado - Aprendiz,Médio Completo,18,22,Parda,Homem,CNPJ RAIZ,CNPJ,Culpa Recíproca,Não Deficiente,Não,Não,829.26,De 100 a 249,Sim,eSocial,Não,5,18 A 24 anos,21 a 30 horas,2024
3349207,2024-01,Al-Maceio,"Comércio, Reparação de Veículos Automotores e Motocicletas",Comércio Varejista de Outros Artigos de Uso Doméstico não Especificados Anteriormente,-1,Operador de Caixa,"Empregado - Geral, inclusive o empregado público da administração direta ou indireta contratado pela CLT",Médio Completo,30,44,Parda,Mulher,CNPJ RAIZ,CNPJ,Culpa Recíproca,Não Deficiente,Não,Não,1412,De 50 a 99,Não,eSocial,Não,5,30 A 39 anos,41 a 44 horas,2024
3349208,2024-01,Al-Maceio,Alojamento e Alimentação,Hotéis,-1,Camareiro  de Hotel,"Empregado - Geral, inclusive o empregado público da administração direta ou indireta contratado pela CLT",Médio Completo,50,44,Parda,Mulher,CNPJ RAIZ,CNPJ,Desligamento a pedido,Não Deficiente,Não,Não,1539,De 250 a 499,Não,eSocial,Não,5,50 A 64 anos,41 a 44 horas,2024
3349209,2024-01,Al-Maceio,Alojamento e Alimentação,Hotéis,-1,"Auxiliar de Escritorio, em Geral","Empregado - Geral, inclusive o empregado público da administração direta ou indireta contratado pela CLT",Médio Completo,23,44,Parda,Homem,CNPJ RAIZ,CNPJ,Desligamento a pedido,Não Deficiente,Não,Não,1973.74,De 50 a 99,Não,eSocial,Não,5,18 A 24 anos,41 a 44 horas,2024
3349210,2024-01,Al-Maceio,Alojamento e Alimentação,Hotéis,-1,Auxiliar nos Serviços de Alimentação,"Empregado - Geral, inclusive o empregado público da administração direta ou indireta contratado pela CLT",Médio Completo,33,44,Parda,Mulher,CNPJ RAIZ,CNPJ,Desligamento a pedido,Não Deficiente,Não,Não,1701.6,De 50 a 99,Não,eSocial,Não,5,30 A 39 anos,41 a 44 horas,2024
3349211,2024-01,Al-Maceio,Alojamento e Alimentação,Hotéis,-1,Camareiro  de Hotel,"Empregado - Geral, inclusive o empregado público da administração direta ou indireta contratado pela CLT",Médio Completo,42,44,Não informada,Mulher,CNPJ RAIZ,CNPJ,Desligamento a pedido,Não Deficiente,Não,Não,1466.01,De 50 a 99,Não,eSocial,Não,5,40 A 49 anos,41 a 44 horas,2024
3349212,2024-01,Al-Maceio,Alojamento e Alimentação,Hotéis,-1,Faxineiro (Desativado em 2010),"Empregado - Geral, inclusive o empregado público da administração direta ou indireta contratado pela CLT",5ª Completo Fundamental,51,44,Parda,Homem,CNPJ RAIZ,CNPJ,Desligamento a pedido,Não Deficiente,Não,Não,1467,De 250 a 499,Não,eSocial,Não,5,50 A 64 anos,41 a 44 horas,2024
3349213,2024-01,Al-Maceio,Alojamento e Alimentação,Hotéis,-1,Camareiro  de Hotel,"Empregado - Geral, inclusive o empregado público da administração direta ou indireta contratado pela CLT",Médio Completo,22,44,Parda,Mulher,CNPJ RAIZ,CNPJ,Desligamento a pedido,Não Deficiente,Não,Não,1466.01,De 50 a 99,Não,eSocial,Não,5,18 A 24 anos,41 a 44 horas,2024
3349214,2024-01,Al-Maceio,Alojamento e Alimentação,Hotéis,-1,"Auxiliar de Escritorio, em Geral",Empregado - Aprendiz,Médio Completo,19,30,Parda,Mulher,CNPJ RAIZ,CNPJ,Desligamento a pedido,Não Deficiente,Não,Sim,963,De 50 a 99,Sim,eSocial,Não,1,18 A 24 anos,21 a 30 horas,2024
3349215,2024-01,Al-Maceio,Alojamento e Alimentação,Hotéis,-1,Cumim,"Empregado - Geral, inclusive o empregado público da administração direta ou indireta contratado pela CLT",Superior Completo,45,44,Não informada,Mulher,CNPJ RAIZ,CNPJ,Desligamento a pedido,Não Deficiente,Não,Não,1596,De 100 a 249,Não,eSocial,Não,5,40 A 49 anos,41 a 44 horas,2024
3349216,2024-01,Al-Maceio,Alojamento e Alimentação,Hotéis,-1,Recepcionista de Hotel,"Empregado - Geral, inclusive o empregado público da administração direta ou indireta contratado pela CLT",Superior Completo,30,44,Parda,Homem,CNPJ RAIZ,CNPJ,Desligamento a pedido,Não Deficiente,Não,Não,2098,De 250 a 499,Não,eSocial,Não,5,30 A 39 anos,41 a 44 horas,2024
3349217,2024-01,Al-Maceio,Alojamento e Alimentação,Hotéis,-1,Cumim,"Empregado - Geral, inclusive o empregado público da administração direta ou indireta contratado pela CLT",Médio Completo,19,44,Não informada,Homem,CNPJ RAIZ,CNPJ,Desligamento a pedido,Não Deficiente,Não,Não,1493.04,De 250 a 499,Não,eSocial,Não,5,18 A 24 anos,41 a 44 horas,2024
3349218,2024-01,Al-Maceio,Alojamento e Alimentação,Hotéis,-1,Recepcionista de Hotel,"Empregado - Geral, inclusive o empregado público da administração direta ou indireta contratado pela CLT",Médio Completo,29,44,Parda,Mulher,CNPJ RAIZ,CNPJ,Desligamento a pedido,Não Deficiente,Não,Não,1850,Zero,Não,eSocial,Não,5,25 A 29 anos,41 a 44 horas,2024
3349219,2024-01,Al-Maceio,Alojamento e Alimentação,Hotéis,-1,Recepcionista de Hotel,"Empregado - Geral, inclusive o empregado público da administração direta ou indireta contratado pela CLT",Médio Completo,37,44,Parda,Mulher,CNPJ RAIZ,CNPJ,Desligamento a pedido,Não Deficiente,Não,Não,1466.01,De 1 a 4,Não,eSocial,Não,5,30 A 39 anos,41 a 44 horas,2024
3349220,2024-01,Al-Maceio,Alojamento e Alimentação,Hotéis,-1,Faxineiro (Desativado em 2010),"Empregado - Geral, inclusive o empregado público da administração direta ou indireta contratado pela CLT",Fundamental Completo,29,44,Preta,Mulher,CNPJ RAIZ,CNPJ,Desligamento a pedido,Não Deficiente,Não,Não,1466.01,De 50 a 99,Não,eSocial,Não,5,25 A 29 anos,41 a 44 horas,2024
3349221,2024-01,Al-Maceio,Alojamento e Alimentação,Hotéis,-1,Camareiro  de Hotel,"Empregado - Geral, inclusive o empregado público da administração direta ou indireta contratado pela CLT",Médio Completo,25,44,Parda,Mulher,CNPJ RAIZ,CNPJ,Desligamento a pedido,Não Deficiente,Não,Não,1516.68,De 100 a 249,Não,eSocial,Não,5,25 A 29 anos,41 a 44 horas,2024
3349222,2024-01,Al-Arapiraca,Alojamento e Alimentação,Hotéis,-1,Camareiro  de Hotel,"Empregado - Geral, inclusive o empregado público da administração direta ou indireta contratado pela CLT",Médio Completo,39,44,Parda,Homem,CNPJ RAIZ,CNPJ,Desligamento a pedido,Não Deficiente,Não,Não,1466.01,De 10 a 19,Não,eSocial,Não,5,30 A 39 anos,41 a 44 horas,2024
3349223,2024-01,Al-Maceio,Alojamento e Alimentação,Hotéis,-1,Assistente Administrativo,Empregado - Aprendiz,Superior Incompleto,19,20,Parda,Mulher,CNPJ RAIZ,CNPJ,Desligamento a pedido,Não Deficiente,Não,Sim,592,De 100 a 249,Sim,eSocial,Não,5,18 A 24 anos,16 a 20 horas,2024
3349224,2024-01,Al-Maceio,Alojamento e Alimentação,Hotéis,-1,"Auxiliar de Escritorio, em Geral",Empregado - Aprendiz,Médio Completo,19,22,Parda,Mulher,CNPJ RAIZ,CNPJ,Desligamento a pedido,Não Deficiente,Não,Sim,660,De 250 a 499,Sim,eSocial,Não,5,18 A 24 anos,21 a 30 horas,2024
3349225,2024-01,Al-Maceio,Alojamento e Alimentação,Hotéis,-1,Zelador de Edificio,"Empregado - Geral, inclusive o empregado público da administração direta ou indireta contratado pela CLT",6ª a 9ª Fundamental,39,44,Parda,Mulher,CNPJ RAIZ,CNPJ,Desligamento a pedido,Física,Não,Não,1466.01,De 100 a 249,Não,eSocial,Não,5,30 A 39 anos,41 a 44 horas,2024
3349226,2024-01,Al-Maceio,Alojamento e Alimentação,Hotéis,-1,"Auxiliar de Escritorio, em Geral","Empregado - Geral, inclusive o empregado público da administração direta ou indireta contratado pela CLT",Médio Incompleto,18,22,Parda,Mulher,CNPJ RAIZ,CNPJ,Desligamento a pedido,Não Deficiente,Não,Não,706,De 250 a 499,Não,eSocial,Não,5,18 A 24 anos,21 a 30 horas,2024
3349227,2024-01,Al-Maceio,Alojamento e Alimentação,Hotéis,-1,Motorista de Furgao ou Veiculo Similar,"Empregado - Geral, inclusive o empregado público da administração direta ou indireta contratado pela CLT",Médio Completo,28,44,Parda,Homem,CNPJ RAIZ,CNPJ,Desligamento a pedido,Não Deficiente,Não,Não,1776.31,De 50 a 99,Não,eSocial,Não,5,25 A 29 anos,41 a 44 horas,2024
3349228,2024-01,Al-Maceio,Alojamento e Alimentação,Hotéis,-1,Camareiro  de Hotel,"Empregado - Geral, inclusive o empregado público da administração direta ou indireta contratado pela CLT",Médio Completo,30,44,Branca,Mulher,CNPJ RAIZ,CNPJ,Desligamento a pedido,Não Deficiente,Não,Não,1466.01,De 50 a 99,Não,eSocial,Não,5,30 A 39 anos,41 a 44 horas,2024
3349229,2024-01,Al-Maceio,Alojamento e Alimentação,Hotéis,-1,Gerente de Hotel,"Empregado - Geral, inclusive o empregado público da administração direta ou indireta contratado pela CLT",Superior Completo,57,44,Parda,Homem,CNPJ RAIZ,CNPJ,Desligamento a pedido,Não Deficiente,Não,Não,4159.97,De 20 a 49,Não,eSocial,Não,5,50 A 64 anos,41 a 44 horas,2024
3349230,2024-01,Al-Maceio,Alojamento e Alimentação,Hotéis,-1,Auxiliar nos Serviços de Alimentação,"Empregado - Geral, inclusive o empregado público da administração direta ou indireta contratado pela CLT",Médio Completo,50,44,Parda,Mulher,CNPJ RAIZ,CNPJ,Desligamento a pedido,Não Deficiente,Não,Não,2091,De 100 a 249,Não,eSocial,Não,5,50 A 64 anos,41 a 44 horas,2024
3349231,2024-01,Al-Maceio,Alojamento e Alimentação,Hotéis,-1,Garcom,"Empregado - Geral, inclusive o empregado público da administração direta ou indireta contratado pela CLT",Médio Completo,35,44,Branca,Mulher,CNPJ RAIZ,CNPJ,Desligamento a pedido,Não Deficiente,Não,Não,1812.33,De 50 a 99,Não,eSocial,Não,5,30 A 39 anos,41 a 44 horas,2024
3349232,2024-01,Al-Maceio,Alojamento e Alimentação,Hotéis,-1,Recreador,"Empregado - Geral, inclusive o empregado público da administração direta ou indireta contratado pela CLT",Médio Completo,25,44,Parda,Mulher,CNPJ RAIZ,CNPJ,Desligamento a pedido,Não Deficiente,Não,Não,1720,De 250 a 499,Não,eSocial,Não,5,25 A 29 anos,41 a 44 horas,2024
3349233,2024-01,Al-Maceio,Alojamento e Alimentação,Hotéis,-1,Garcom,"Empregado - Geral, inclusive o empregado público da administração direta ou indireta contratado pela CLT",Médio Completo,26,44,Parda,Mulher,CNPJ RAIZ,CNPJ,Desligamento a pedido,Não Deficiente,Não,Não,1701.6,De 50 a 99,Não,eSocial,Não,5,25 A 29 anos,41 a 44 horas,2024
3349234,2024-01,Al-Maceio,Alojamento e Alimentação,Hotéis,-1,Servente de Obras,"Empregado - Geral, inclusive o empregado público da administração direta ou indireta contratado pela CLT",Médio Completo,18,44,Parda,Homem,CNPJ RAIZ,CNPJ,Desligamento a pedido,Não Deficiente,Não,Não,1412,De 1 a 4,Não,eSocial,Não,5,18 A 24 anos,41 a 44 horas,2024
3349235,2024-01,Al-Maceio,Alojamento e Alimentação,Hotéis,-1,Porteiro (Hotel),"Empregado - Geral, inclusive o empregado público da administração direta ou indireta contratado pela CLT",Médio Completo,51,44,Parda,Homem,CNPJ RAIZ,CNPJ,Desligamento a pedido,Não Deficiente,Não,Não,1629,De 100 a 249,Não,eSocial,Não,5,50 A 64 anos,41 a 44 horas,2024
3349236,2024-01,Al-Maceio,Alojamento e Alimentação,Hotéis,-1,Auxiliar nos Serviços de Alimentação,"Empregado - Geral, inclusive o empregado público da administração direta ou indireta contratado pela CLT",Médio Completo,45,44,Parda,Mulher,CNPJ RAIZ,CNPJ,Desligamento a pedido,Não Deficiente,Não,Não,1670.25,De 50 a 99,Não,eSocial,Não,5,40 A 49 anos,41 a 44 horas,2024
3349237,2024-01,Al-Maceio,Alojamento e Alimentação,Hotéis,-1,Garcom,"Empregado - Geral, inclusive o empregado público da administração direta ou indireta contratado pela CLT",Médio Completo,19,44,Parda,Homem,CNPJ RAIZ,CNPJ,Desligamento a pedido,Não Deficiente,Não,Não,1720,De 250 a 499,Não,eSocial,Não,5,18 A 24 anos,41 a 44 horas,2024
3349238,2024-01,Al-Maceio,Alojamento e Alimentação,Hotéis,-1,Camareiro  de Hotel,"Empregado - Geral, inclusive o empregado público da administração direta ou indireta contratado pela CLT",Médio Completo,27,44,Parda,Mulher,CNPJ RAIZ,CNPJ,Desligamento a pedido,Não Deficiente,Não,Não,1365,De 5 a 9,Não,eSocial,Não,5,25 A 29 anos,41 a 44 horas,2024
3349239,2024-01,Al-Maceio,Alojamento e Alimentação,Hotéis,-1,Camareiro  de Hotel,"Empregado - Geral, inclusive o empregado público da administração direta ou indireta contratado pela CLT",Até 5ª Incompleto,30,44,Parda,Mulher,CNPJ RAIZ,CNPJ,Desligamento a pedido,Não Deficiente,Não,Não,1466.01,De 20 a 49,Não,eSocial,Não,5,30 A 39 anos,41 a 44 horas,2024
